Datetime,date,open,close,high,low,volume,returns,Momentum,signal,strategy_returns,commission,stoploss_strategy_returns,cum_return,cum_NV,max_drawdown,stoploss_cum_return,stoploss_cum_NV,stoploss_max_drawdown
2020-01-02,2020-01-02,15.37,15.6,15.7,15.32,116837,,,0,,0,,,,,,,
2020-01-03,2020-01-03,15.56,15.65,15.7,15.51,81222,0.0032051282051281937,0.05000000000000071,0,0.0,0,0.0,1.0,1.0,0.0,1.0,1.0,0.0
2020-01-06,2020-01-06,15.56,15.6,15.79,15.46,70739,-0.0031948881789137795,-0.05000000000000071,0,-0.0,0,-0.0,1.0,1.0,0.0,1.0,1.0,0.0
2020-01-07,2020-01-07,15.56,15.84,15.93,15.56,102369,0.01538461538461533,0.2400000000000002,0,0.0,0,0.0,1.0,1.0,0.0,1.0,1.0,0.0
2020-01-08,2020-01-08,15.7,15.7,16.03,15.56,123761,-0.008838383838383868,-0.14000000000000057,0,-0.0,0,-0.0,1.0,1.0,0.0,1.0,1.0,0.0
2020-01-09,2020-01-09,15.74,15.79,15.98,15.7,56257,0.005732484076433009,0.08999999999999986,0,0.0,0,0.0,1.0,1.0,0.0,1.0,1.0,0.0
2020-01-10,2020-01-10,15.79,15.84,15.93,15.6,63890,0.0031665611146296513,0.05000000000000071,0,0.0,0,0.0,1.0,1.0,0.0,1.0,1.0,0.0
2020-01-13,2020-01-13,15.74,16.03,16.35,15.65,124577,0.011994949494949614,0.19000000000000128,0,0.0,0,0.0,1.0,1.0,0.0,1.0,1.0,0.0
2020-01-14,2020-01-14,15.98,15.84,16.03,15.74,83194,-0.011852776044915858,-0.19000000000000128,0,-0.0,0,-0.0,1.0,1.0,0.0,1.0,1.0,0.0
2020-01-15,2020-01-15,15.79,15.65,15.93,15.46,43211,-0.011994949494949503,-0.1899999999999995,0,-0.0,0,-0.0,1.0,1.0,0.0,1.0,1.0,0.0
2020-01-16,2020-01-16,15.65,15.51,15.74,15.46,45902,-0.008945686900958538,-0.14000000000000057,0,-0.0,0,-0.0,1.0,1.0,0.0,1.0,1.0,0.0
2020-01-17,2020-01-17,15.65,15.51,15.7,15.46,49843,0.0,0.0,0,0.0,0,0.0,1.0,1.0,0.0,1.0,1.0,0.0
2020-01-20,2020-01-20,15.46,15.74,16.21,15.23,127382,0.014829142488717029,0.23000000000000043,0,0.0,0,0.0,1.0,1.0,0.0,1.0,1.0,0.0
2020-01-21,2020-01-21,15.6,15.32,15.65,15.18,81736,-0.026683608640406642,-0.41999999999999993,0,-0.0,0,-0.0,1.0,1.0,0.0,1.0,1.0,0.0
2020-01-22,2020-01-22,15.32,15.23,15.32,14.9,65567,-0.005874673629242766,-0.08999999999999986,0,-0.0,0,-0.0,1.0,1.0,0.0,1.0,1.0,0.0
2020-01-23,2020-01-23,15.14,14.76,15.42,14.67,106956,-0.030860144451740013,-0.47000000000000064,0,-0.0,0,-0.0,1.0,1.0,0.0,1.0,1.0,0.0
2020-02-03,2020-02-03,13.21,13.21,13.4,13.21,106734,-0.10501355013550129,-1.549999999999999,-1,-0.0,1,-0.0,-1.2718068130204387,-1.2718068130204387,2.2718068130204387,-1.2718068130204387,-1.2718068130204387,2.2718068130204387
2020-02-04,2020-02-04,12.93,13.4,13.4,12.93,111757,0.014383043149129415,0.1899999999999995,0,-0.014383043149129415,1,-0.01243781094527363,1.594831770565661,1.594831770565661,0.0,1.5923578109958902,1.5923578109958902,0.0
2020-02-05,2020-02-05,13.4,13.68,13.82,13.21,105792,0.020895522388059584,0.27999999999999936,0,0.0,0,0.0,1.594831770565661,1.594831770565661,0.0,1.5923578109958902,1.5923578109958902,0.0
2020-02-06,2020-02-06,13.68,13.92,14.01,13.54,79697,0.01754385964912286,0.2400000000000002,0,0.0,0,0.0,1.594831770565661,1.594831770565661,0.0,1.5923578109958902,1.5923578109958902,0.0
2020-02-07,2020-02-07,13.87,14.53,14.57,13.68,146843,0.04382183908045967,0.6099999999999994,0,0.0,0,0.0,1.594831770565661,1.594831770565661,0.0,1.5923578109958902,1.5923578109958902,0.0
2020-02-10,2020-02-10,14.29,14.71,14.85,14.1,173728,0.012388162422574123,0.1800000000000015,0,0.0,0,0.0,1.594831770565661,1.594831770565661,0.0,1.5923578109958902,1.5923578109958902,0.0
2020-02-11,2020-02-11,14.81,14.34,14.85,14.29,164536,-0.025152957171991952,-0.370000000000001,0,-0.0,0,-0.0,1.594831770565661,1.594831770565661,0.0,1.5923578109958902,1.5923578109958902,0.0
2020-02-12,2020-02-12,14.29,14.39,14.43,14.06,110669,0.0034867503486750717,0.05000000000000071,0,0.0,0,0.0,1.594831770565661,1.594831770565661,0.0,1.5923578109958902,1.5923578109958902,0.0
2020-02-13,2020-02-13,14.29,14.15,14.34,14.1,82686,-0.01667824878387769,-0.2400000000000002,0,-0.0,0,-0.0,1.594831770565661,1.594831770565661,0.0,1.5923578109958902,1.5923578109958902,0.0
2020-02-14,2020-02-14,14.1,14.1,14.29,13.96,74545,-0.0035335689045936647,-0.05000000000000071,0,-0.0,0,-0.0,1.594831770565661,1.594831770565661,0.0,1.5923578109958902,1.5923578109958902,0.0
2020-02-17,2020-02-17,14.06,14.48,14.48,14.06,112726,0.026950354609929228,0.3800000000000008,0,0.0,0,0.0,1.594831770565661,1.594831770565661,0.0,1.5923578109958902,1.5923578109958902,0.0
2020-02-18,2020-02-18,14.43,14.53,14.62,14.34,113895,0.0034530386740330155,0.049999999999998934,0,0.0,0,0.0,1.594831770565661,1.594831770565661,0.0,1.5923578109958902,1.5923578109958902,0.0
2020-02-19,2020-02-19,14.48,14.48,14.62,14.43,82696,-0.0034411562284927255,-0.049999999999998934,0,-0.0,0,-0.0,1.594831770565661,1.594831770565661,0.0,1.5923578109958902,1.5923578109958902,0.0
2020-02-20,2020-02-20,14.53,14.76,14.81,14.34,144431,0.01933701657458564,0.27999999999999936,0,0.0,0,0.0,1.594831770565661,1.594831770565661,0.0,1.5923578109958902,1.5923578109958902,0.0
2020-02-21,2020-02-21,14.71,15.42,15.89,14.62,353038,0.04471544715447151,0.6600000000000001,0,0.0,0,0.0,1.594831770565661,1.594831770565661,0.0,1.5923578109958902,1.5923578109958902,0.0
2020-02-24,2020-02-24,15.32,15.18,15.42,14.81,242540,-0.015564202334630406,-0.2400000000000002,0,-0.0,0,-0.0,1.594831770565661,1.594831770565661,0.0,1.5923578109958902,1.5923578109958902,0.0
2020-02-25,2020-02-25,14.71,15.7,16.31,14.48,346998,0.03425559947299073,0.5199999999999996,0,0.0,0,0.0,1.594831770565661,1.594831770565661,0.0,1.5923578109958902,1.5923578109958902,0.0
2020-02-26,2020-02-26,15.37,15.23,15.89,15.14,222800,-0.02993630573248396,-0.46999999999999886,0,-0.0,0,-0.0,1.594831770565661,1.594831770565661,0.0,1.5923578109958902,1.5923578109958902,0.0
2020-02-27,2020-02-27,15.23,15.32,15.51,14.99,141811,0.005909389363099038,0.08999999999999986,0,0.0,0,0.0,1.594831770565661,1.594831770565661,0.0,1.5923578109958902,1.5923578109958902,0.0
2020-02-28,2020-02-28,14.85,14.39,15.04,14.39,163313,-0.060704960835509136,-0.9299999999999997,0,-0.0,0,-0.0,1.594831770565661,1.594831770565661,0.0,1.5923578109958902,1.5923578109958902,0.0
2020-03-02,2020-03-02,14.57,15.04,15.14,14.39,157537,0.04517025712300193,0.6499999999999986,0,0.0,0,0.0,1.594831770565661,1.594831770565661,0.0,1.5923578109958902,1.5923578109958902,0.0
2020-03-03,2020-03-03,15.18,15.14,15.46,14.99,165841,0.0066489361702128935,0.10000000000000142,0,0.0,0,0.0,1.594831770565661,1.594831770565661,0.0,1.5923578109958902,1.5923578109958902,0.0
2020-03-04,2020-03-04,14.99,15.46,15.51,14.85,206420,0.021136063408190298,0.3200000000000003,0,0.0,0,0.0,1.594831770565661,1.594831770565661,0.0,1.5923578109958902,1.5923578109958902,0.0
2020-03-05,2020-03-05,15.6,15.7,15.89,15.37,300866,0.015523932729624823,0.23999999999999844,0,0.0,0,0.0,1.594831770565661,1.594831770565661,0.0,1.5923578109958902,1.5923578109958902,0.0
2020-03-06,2020-03-06,15.46,16.17,16.31,15.42,388659,0.02993630573248418,0.4700000000000024,0,0.0,0,0.0,1.594831770565661,1.594831770565661,0.0,1.5923578109958902,1.5923578109958902,0.0
2020-03-09,2020-03-09,17.85,17.85,17.85,17.76,362026,0.10389610389610393,1.6799999999999997,1,0.0,1,0.0,-1.0868336252132464,-1.0868336252132464,1.6814722689075625,-1.0851476903720494,-1.0851476903720494,1.6814722689075627
2020-03-10,2020-03-10,17.99,17.2,18.46,16.21,936688,-0.036414565826330625,-0.6500000000000021,0,-0.036414565826330625,1,-0.009689922480620155,0.849252460251114,0.849252460251114,0.46749715178429263,0.8189348847312262,0.8189348847312262,0.4857092551208393
2020-03-11,2020-03-11,16.64,16.54,17.24,16.31,539235,-0.03837209302325584,-0.6600000000000001,0,-0.0,0,-0.0,0.849252460251114,0.849252460251114,0.46749715178429263,0.8189348847312262,0.8189348847312262,0.4857092551208393
2020-03-12,2020-03-12,16.26,15.65,16.54,15.46,428673,-0.05380894800483671,-0.8899999999999988,0,-0.0,0,-0.0,0.849252460251114,0.849252460251114,0.46749715178429263,0.8189348847312262,0.8189348847312262,0.4857092551208393
2020-03-13,2020-03-13,14.62,15.09,15.32,14.39,323730,-0.03578274760383393,-0.5600000000000005,0,-0.0,0,-0.0,0.849252460251114,0.849252460251114,0.46749715178429263,0.8189348847312262,0.8189348847312262,0.4857092551208393
2020-03-16,2020-03-16,15.18,14.67,15.84,14.53,279030,-0.027833001988071593,-0.41999999999999993,0,-0.0,0,-0.0,0.849252460251114,0.849252460251114,0.46749715178429263,0.8189348847312262,0.8189348847312262,0.4857092551208393
2020-03-17,2020-03-17,14.71,14.53,14.99,14.01,221676,-0.009543285616905317,-0.14000000000000057,0,-0.0,0,-0.0,0.849252460251114,0.849252460251114,0.46749715178429263,0.8189348847312262,0.8189348847312262,0.4857092551208393
2020-03-18,2020-03-18,14.71,14.2,14.9,14.2,172868,-0.0227116311080523,-0.33000000000000007,0,-0.0,0,-0.0,0.849252460251114,0.849252460251114,0.46749715178429263,0.8189348847312262,0.8189348847312262,0.4857092551208393
2020-03-19,2020-03-19,14.24,14.48,14.62,13.87,156008,0.019718309859154903,0.28000000000000114,0,0.0,0,0.0,0.849252460251114,0.849252460251114,0.46749715178429263,0.8189348847312262,0.8189348847312262,0.4857092551208393
2020-03-20,2020-03-20,14.57,14.62,14.67,14.34,117402,0.00966850828729271,0.1399999999999988,0,0.0,0,0.0,0.849252460251114,0.849252460251114,0.46749715178429263,0.8189348847312262,0.8189348847312262,0.4857092551208393
2020-03-23,2020-03-23,14.1,13.96,14.34,13.92,139664,-0.04514363885088912,-0.6599999999999984,0,-0.0,0,-0.0,0.849252460251114,0.849252460251114,0.46749715178429263,0.8189348847312262,0.8189348847312262,0.4857092551208393
2020-03-24,2020-03-24,14.2,14.24,14.24,13.82,151854,0.02005730659025784,0.27999999999999936,0,0.0,0,0.0,0.849252460251114,0.849252460251114,0.46749715178429263,0.8189348847312262,0.8189348847312262,0.4857092551208393
2020-03-25,2020-03-25,14.48,14.71,14.85,14.34,209805,0.03300561797752821,0.47000000000000064,0,0.0,0,0.0,0.849252460251114,0.849252460251114,0.46749715178429263,0.8189348847312262,0.8189348847312262,0.4857092551208393
2020-03-26,2020-03-26,14.57,15.04,15.46,14.39,390571,0.022433718558803495,0.3299999999999983,0,0.0,0,0.0,0.849252460251114,0.849252460251114,0.46749715178429263,0.8189348847312262,0.8189348847312262,0.4857092551208393
2020-03-27,2020-03-27,15.32,15.74,16.64,15.18,657041,0.046542553191489366,0.7000000000000011,0,0.0,0,0.0,0.849252460251114,0.849252460251114,0.46749715178429263,0.8189348847312262,0.8189348847312262,0.4857092551208393
2020-03-30,2020-03-30,15.09,14.57,15.23,14.24,521936,-0.07433290978398988,-1.17,-1,-0.0,1,-0.0,-0.9000593238401766,-0.9000593238401766,1.5643600412606156,-0.8679279874000854,-0.8679279874000854,1.5450583916546163
2020-03-31,2020-03-31,14.67,14.43,14.85,14.43,242682,-0.009608785175017176,-0.14000000000000057,0,0.009608785175017176,1,-0.01155001155001155,0.9632374524202768,0.9632374524202768,0.3960256685389255,0.9472150234977517,0.9472150234977517,0.4051493847947744
2020-04-01,2020-04-01,14.39,14.1,14.62,14.06,204460,-0.022869022869022926,-0.33000000000000007,0,-0.0,0,-0.0,0.9632374524202768,0.9632374524202768,0.3960256685389255,0.9472150234977517,0.9472150234977517,0.4051493847947744
2020-04-02,2020-04-02,14.1,14.34,14.34,14.01,123314,0.017021276595744705,0.2400000000000002,0,0.0,0,0.0,0.9632374524202768,0.9632374524202768,0.3960256685389255,0.9472150234977517,0.9472150234977517,0.4051493847947744
2020-04-03,2020-04-03,14.29,14.57,14.57,14.15,171060,0.016039051603905286,0.23000000000000043,0,0.0,0,0.0,0.9632374524202768,0.9632374524202768,0.3960256685389255,0.9472150234977517,0.9472150234977517,0.4051493847947744
2020-04-07,2020-04-07,14.71,14.9,14.99,14.67,207067,0.02264927934111194,0.33000000000000007,0,0.0,0,0.0,0.9632374524202768,0.9632374524202768,0.3960256685389255,0.9472150234977517,0.9472150234977517,0.4051493847947744
2020-04-08,2020-04-08,14.9,15.14,15.28,14.76,215984,0.016107382550335503,0.2400000000000002,0,0.0,0,0.0,0.9632374524202768,0.9632374524202768,0.3960256685389255,0.9472150234977517,0.9472150234977517,0.4051493847947744
2020-04-09,2020-04-09,15.09,15.09,15.32,14.99,182096,-0.0033025099075297826,-0.05000000000000071,0,-0.0,0,-0.0,0.9632374524202768,0.9632374524202768,0.3960256685389255,0.9472150234977517,0.9472150234977517,0.4051493847947744
2020-04-10,2020-04-10,15.04,14.99,15.89,14.85,253523,-0.0066269052352551094,-0.09999999999999964,0,-0.0,0,-0.0,0.9632374524202768,0.9632374524202768,0.3960256685389255,0.9472150234977517,0.9472150234977517,0.4051493847947744
2020-04-13,2020-04-13,14.76,14.62,14.95,14.48,130599,-0.024683122081387676,-0.370000000000001,0,-0.0,0,-0.0,0.9632374524202768,0.9632374524202768,0.3960256685389255,0.9472150234977517,0.9472150234977517,0.4051493847947744
2020-04-14,2020-04-14,14.76,14.9,14.95,14.67,85647,0.019151846785225857,0.28000000000000114,0,0.0,0,0.0,0.9632374524202768,0.9632374524202768,0.3960256685389255,0.9472150234977517,0.9472150234977517,0.4051493847947744
2020-04-15,2020-04-15,14.24,14.06,14.34,13.96,300522,-0.05637583892617448,-0.8399999999999999,0,-0.0,0,-0.0,0.9632374524202768,0.9632374524202768,0.3960256685389255,0.9472150234977517,0.9472150234977517,0.4051493847947744
2020-04-16,2020-04-16,14.01,13.73,14.01,13.68,195254,-0.023470839260312903,-0.33000000000000007,0,-0.0,0,-0.0,0.9632374524202768,0.9632374524202768,0.3960256685389255,0.9472150234977517,0.9472150234977517,0.4051493847947744
2020-04-17,2020-04-17,13.78,13.63,13.82,13.59,124862,-0.00728332119446462,-0.09999999999999964,0,-0.0,0,-0.0,0.9632374524202768,0.9632374524202768,0.3960256685389255,0.9472150234977517,0.9472150234977517,0.4051493847947744
2020-04-20,2020-04-20,13.59,13.59,13.68,13.54,70006,-0.0029347028613353476,-0.040000000000000924,0,-0.0,0,-0.0,0.9632374524202768,0.9632374524202768,0.3960256685389255,0.9472150234977517,0.9472150234977517,0.4051493847947744
2020-04-21,2020-04-21,13.54,13.31,13.59,13.21,116987,-0.020603384841795358,-0.27999999999999936,0,-0.0,0,-0.0,0.9632374524202768,0.9632374524202768,0.3960256685389255,0.9472150234977517,0.9472150234977517,0.4051493847947744
2020-04-22,2020-04-22,13.21,13.35,13.4,13.17,73913,0.003005259203606281,0.03999999999999915,0,0.0,0,0.0,0.9632374524202768,0.9632374524202768,0.3960256685389255,0.9472150234977517,0.9472150234977517,0.4051493847947744
2020-04-23,2020-04-23,13.35,13.4,13.49,13.31,78363,0.0037453183520599342,0.05000000000000071,0,0.0,0,0.0,0.9632374524202768,0.9632374524202768,0.3960256685389255,0.9472150234977517,0.9472150234977517,0.4051493847947744
2020-04-24,2020-04-24,13.35,13.07,13.35,13.07,87724,-0.02462686567164185,-0.33000000000000007,0,-0.0,0,-0.0,0.9632374524202768,0.9632374524202768,0.3960256685389255,0.9472150234977517,0.9472150234977517,0.4051493847947744
2020-04-27,2020-04-27,13.07,12.84,13.17,12.84,92474,-0.01759755164498855,-0.23000000000000043,0,-0.0,0,-0.0,0.9632374524202768,0.9632374524202768,0.3960256685389255,0.9472150234977517,0.9472150234977517,0.4051493847947744
2020-04-28,2020-04-28,12.84,12.23,12.88,11.85,129084,-0.04750778816199375,-0.6099999999999994,0,-0.0,0,-0.0,0.9632374524202768,0.9632374524202768,0.3960256685389255,0.9472150234977517,0.9472150234977517,0.4051493847947744
2020-04-29,2020-04-29,12.09,12.23,12.37,12.09,51849,0.0,0.0,0,0.0,0,0.0,0.9632374524202768,0.9632374524202768,0.3960256685389255,0.9472150234977517,0.9472150234977517,0.4051493847947744
2020-04-30,2020-04-30,12.37,12.46,12.56,12.32,59321,0.018806214227309992,0.23000000000000043,0,0.0,0,0.0,0.9632374524202768,0.9632374524202768,0.3960256685389255,0.9472150234977517,0.9472150234977517,0.4051493847947744
2020-05-06,2020-05-06,12.37,13.31,13.31,12.18,178173,0.0682182985553772,0.8499999999999996,0,0.0,0,0.0,0.9632374524202768,0.9632374524202768,0.3960256685389255,0.9472150234977517,0.9472150234977517,0.4051493847947744
2020-05-07,2020-05-07,13.12,12.74,13.12,12.7,152229,-0.04282494365139,-0.5700000000000003,0,-0.0,0,-0.0,0.9632374524202768,0.9632374524202768,0.3960256685389255,0.9472150234977517,0.9472150234977517,0.4051493847947744
2020-05-08,2020-05-08,12.84,13.17,13.31,12.7,198029,0.03375196232339084,0.4299999999999997,0,0.0,0,0.0,0.9632374524202768,0.9632374524202768,0.3960256685389255,0.9472150234977517,0.9472150234977517,0.4051493847947744
2020-05-11,2020-05-11,13.07,12.79,13.21,12.74,153003,-0.028853454821564206,-0.3800000000000008,0,-0.0,0,-0.0,0.9632374524202768,0.9632374524202768,0.3960256685389255,0.9472150234977517,0.9472150234977517,0.4051493847947744
2020-05-12,2020-05-12,12.84,12.74,12.84,12.56,65366,-0.003909304143862258,-0.049999999999998934,0,-0.0,0,-0.0,0.9632374524202768,0.9632374524202768,0.3960256685389255,0.9472150234977517,0.9472150234977517,0.4051493847947744
2020-05-13,2020-05-13,12.65,12.7,12.74,12.51,54376,-0.0031397174254317317,-0.040000000000000924,0,-0.0,0,-0.0,0.9632374524202768,0.9632374524202768,0.3960256685389255,0.9472150234977517,0.9472150234977517,0.4051493847947744
2020-05-14,2020-05-14,12.6,12.6,12.88,12.6,53354,-0.007874015748031482,-0.09999999999999964,0,-0.0,0,-0.0,0.9632374524202768,0.9632374524202768,0.3960256685389255,0.9472150234977517,0.9472150234977517,0.4051493847947744
2020-05-15,2020-05-15,12.65,13.03,13.96,12.6,222464,0.034126984126984006,0.4299999999999997,0,0.0,0,0.0,0.9632374524202768,0.9632374524202768,0.3960256685389255,0.9472150234977517,0.9472150234977517,0.4051493847947744
2020-05-18,2020-05-18,12.93,12.84,13.03,12.7,126867,-0.014581734458940843,-0.1899999999999995,0,-0.0,0,-0.0,0.9632374524202768,0.9632374524202768,0.3960256685389255,0.9472150234977517,0.9472150234977517,0.4051493847947744
2020-05-19,2020-05-19,12.93,13.21,13.4,12.88,152365,0.028816199376947127,0.370000000000001,0,0.0,0,0.0,0.9632374524202768,0.9632374524202768,0.3960256685389255,0.9472150234977517,0.9472150234977517,0.4051493847947744
2020-05-20,2020-05-20,13.21,13.07,13.21,12.98,114936,-0.010598031794095464,-0.14000000000000057,0,-0.0,0,-0.0,0.9632374524202768,0.9632374524202768,0.3960256685389255,0.9472150234977517,0.9472150234977517,0.4051493847947744
2020-05-21,2020-05-21,13.12,13.21,13.63,12.98,160791,0.010711553175210442,0.14000000000000057,0,0.0,0,0.0,0.9632374524202768,0.9632374524202768,0.3960256685389255,0.9472150234977517,0.9472150234977517,0.4051493847947744
2020-05-22,2020-05-22,13.17,12.74,13.21,12.7,113563,-0.03557910673732023,-0.47000000000000064,0,-0.0,0,-0.0,0.9632374524202768,0.9632374524202768,0.3960256685389255,0.9472150234977517,0.9472150234977517,0.4051493847947744
2020-05-25,2020-05-25,12.65,12.56,12.74,12.51,66594,-0.014128728414442682,-0.17999999999999972,0,-0.0,0,-0.0,0.9632374524202768,0.9632374524202768,0.3960256685389255,0.9472150234977517,0.9472150234977517,0.4051493847947744
2020-05-26,2020-05-26,12.6,12.79,12.84,12.6,85357,0.018312101910827883,0.22999999999999865,0,0.0,0,0.0,0.9632374524202768,0.9632374524202768,0.3960256685389255,0.9472150234977517,0.9472150234977517,0.4051493847947744
2020-05-27,2020-05-27,12.79,12.88,12.98,12.65,112747,0.0070367474589523304,0.09000000000000163,0,0.0,0,0.0,0.9632374524202768,0.9632374524202768,0.3960256685389255,0.9472150234977517,0.9472150234977517,0.4051493847947744
2020-05-28,2020-05-28,12.98,12.74,12.98,12.6,79069,-0.010869565217391353,-0.14000000000000057,0,-0.0,0,-0.0,0.9632374524202768,0.9632374524202768,0.3960256685389255,0.9472150234977517,0.9472150234977517,0.4051493847947744
2020-05-29,2020-05-29,12.84,13.21,13.4,12.79,213737,0.03689167974882257,0.47000000000000064,0,0.0,0,0.0,0.9632374524202768,0.9632374524202768,0.3960256685389255,0.9472150234977517,0.9472150234977517,0.4051493847947744
2020-06-01,2020-06-01,13.35,13.45,13.49,13.07,217272,0.018168054504163367,0.23999999999999844,0,0.0,0,0.0,0.9632374524202768,0.9632374524202768,0.3960256685389255,0.9472150234977517,0.9472150234977517,0.4051493847947744
2020-06-02,2020-06-02,13.35,13.63,13.87,13.26,219945,0.013382899628253009,0.1800000000000015,0,0.0,0,0.0,0.9632374524202768,0.9632374524202768,0.3960256685389255,0.9472150234977517,0.9472150234977517,0.4051493847947744
2020-06-03,2020-06-03,13.63,13.54,13.92,13.4,203565,-0.006603081438004477,-0.09000000000000163,0,-0.0,0,-0.0,0.9632374524202768,0.9632374524202768,0.3960256685389255,0.9472150234977517,0.9472150234977517,0.4051493847947744
2020-06-04,2020-06-04,13.63,13.92,14.24,13.63,321440,0.028064992614475592,0.3800000000000008,0,0.0,0,0.0,0.9632374524202768,0.9632374524202768,0.3960256685389255,0.9472150234977517,0.9472150234977517,0.4051493847947744
2020-06-05,2020-06-05,13.82,13.45,13.92,13.35,268411,-0.033764367816092045,-0.47000000000000064,0,-0.0,0,-0.0,0.9632374524202768,0.9632374524202768,0.3960256685389255,0.9472150234977517,0.9472150234977517,0.4051493847947744
2020-06-08,2020-06-08,13.45,13.4,13.59,13.35,106541,-0.0037174721189590088,-0.049999999999998934,0,-0.0,0,-0.0,0.9632374524202768,0.9632374524202768,0.3960256685389255,0.9472150234977517,0.9472150234977517,0.4051493847947744
2020-06-09,2020-06-09,13.4,13.82,14.01,13.4,247881,0.03134328358208949,0.41999999999999993,0,0.0,0,0.0,0.9632374524202768,0.9632374524202768,0.3960256685389255,0.9472150234977517,0.9472150234977517,0.4051493847947744
2020-06-10,2020-06-10,13.78,13.54,13.87,13.35,216573,-0.02026049204052105,-0.28000000000000114,0,-0.0,0,-0.0,0.9632374524202768,0.9632374524202768,0.3960256685389255,0.9472150234977517,0.9472150234977517,0.4051493847947744
2020-06-11,2020-06-11,13.54,13.31,13.54,13.21,128358,-0.01698670605612984,-0.22999999999999865,0,-0.0,0,-0.0,0.9632374524202768,0.9632374524202768,0.3960256685389255,0.9472150234977517,0.9472150234977517,0.4051493847947744
2020-06-12,2020-06-12,13.03,13.17,13.31,12.93,111304,-0.010518407212622094,-0.14000000000000057,0,-0.0,0,-0.0,0.9632374524202768,0.9632374524202768,0.3960256685389255,0.9472150234977517,0.9472150234977517,0.4051493847947744
2020-06-15,2020-06-15,13.12,13.17,13.26,13.07,66223,0.0,0.0,0,0.0,0,0.0,0.9632374524202768,0.9632374524202768,0.3960256685389255,0.9472150234977517,0.9472150234977517,0.4051493847947744
2020-06-16,2020-06-16,13.26,13.31,13.35,13.17,64891,0.010630220197418438,0.14000000000000057,0,0.0,0,0.0,0.9632374524202768,0.9632374524202768,0.3960256685389255,0.9472150234977517,0.9472150234977517,0.4051493847947744
2020-06-17,2020-06-17,13.31,13.49,13.59,13.31,135260,0.013523666416228375,0.17999999999999972,0,0.0,0,0.0,0.9632374524202768,0.9632374524202768,0.3960256685389255,0.9472150234977517,0.9472150234977517,0.4051493847947744
2020-06-18,2020-06-18,13.49,13.45,13.49,13.31,101874,-0.002965159377316562,-0.040000000000000924,0,-0.0,0,-0.0,0.9632374524202768,0.9632374524202768,0.3960256685389255,0.9472150234977517,0.9472150234977517,0.4051493847947744
2020-06-19,2020-06-19,13.4,13.54,13.59,13.31,179059,0.006691449814126393,0.08999999999999986,0,0.0,0,0.0,0.9632374524202768,0.9632374524202768,0.3960256685389255,0.9472150234977517,0.9472150234977517,0.4051493847947744
2020-06-22,2020-06-22,13.59,13.49,13.59,13.4,53806,-0.0036927621861151394,-0.049999999999998934,0,-0.0,0,-0.0,0.9632374524202768,0.9632374524202768,0.3960256685389255,0.9472150234977517,0.9472150234977517,0.4051493847947744
2020-06-23,2020-06-23,13.49,13.49,13.63,13.45,46906,0.0,0.0,0,0.0,0,0.0,0.9632374524202768,0.9632374524202768,0.3960256685389255,0.9472150234977517,0.9472150234977517,0.4051493847947744
2020-06-24,2020-06-24,13.49,13.31,13.54,13.21,82248,-0.013343217197924417,-0.17999999999999972,0,-0.0,0,-0.0,0.9632374524202768,0.9632374524202768,0.3960256685389255,0.9472150234977517,0.9472150234977517,0.4051493847947744
2020-06-29,2020-06-29,13.26,13.12,13.26,12.98,86692,-0.014274981217130112,-0.19000000000000128,0,-0.0,0,-0.0,0.9632374524202768,0.9632374524202768,0.3960256685389255,0.9472150234977517,0.9472150234977517,0.4051493847947744
2020-06-30,2020-06-30,13.17,13.26,13.54,13.17,84262,0.010670731707317138,0.14000000000000057,0,0.0,0,0.0,0.9632374524202768,0.9632374524202768,0.3960256685389255,0.9472150234977517,0.9472150234977517,0.4051493847947744
2020-07-01,2020-07-01,13.26,13.26,13.31,13.12,78732,0.0,0.0,0,0.0,0,0.0,0.9632374524202768,0.9632374524202768,0.3960256685389255,0.9472150234977517,0.9472150234977517,0.4051493847947744
2020-07-02,2020-07-02,13.26,13.54,13.63,13.21,133654,0.02111613876319751,0.27999999999999936,0,0.0,0,0.0,0.9632374524202768,0.9632374524202768,0.3960256685389255,0.9472150234977517,0.9472150234977517,0.4051493847947744
2020-07-03,2020-07-03,13.59,13.73,13.78,13.54,141462,0.014032496307238018,0.19000000000000128,0,0.0,0,0.0,0.9632374524202768,0.9632374524202768,0.3960256685389255,0.9472150234977517,0.9472150234977517,0.4051493847947744
2020-07-06,2020-07-06,13.82,14.29,14.29,13.78,207192,0.04078659868900214,0.5599999999999987,0,0.0,0,0.0,0.9632374524202768,0.9632374524202768,0.3960256685389255,0.9472150234977517,0.9472150234977517,0.4051493847947744
2020-07-07,2020-07-07,14.39,14.24,14.57,14.15,226377,-0.0034989503149054357,-0.049999999999998934,0,-0.0,0,-0.0,0.9632374524202768,0.9632374524202768,0.3960256685389255,0.9472150234977517,0.9472150234977517,0.4051493847947744
2020-07-08,2020-07-08,14.2,14.43,14.48,14.1,205142,0.01334269662921339,0.1899999999999995,0,0.0,0,0.0,0.9632374524202768,0.9632374524202768,0.3960256685389255,0.9472150234977517,0.9472150234977517,0.4051493847947744
2020-07-09,2020-07-09,14.48,14.71,14.76,14.29,196482,0.01940401940401948,0.28000000000000114,0,0.0,0,0.0,0.9632374524202768,0.9632374524202768,0.3960256685389255,0.9472150234977517,0.9472150234977517,0.4051493847947744
2020-07-10,2020-07-10,14.62,14.48,14.85,14.39,169452,-0.015635622025832796,-0.23000000000000043,0,-0.0,0,-0.0,0.9632374524202768,0.9632374524202768,0.3960256685389255,0.9472150234977517,0.9472150234977517,0.4051493847947744
2020-07-13,2020-07-13,14.48,14.85,14.9,14.39,176590,0.025552486187845336,0.3699999999999992,0,0.0,0,0.0,0.9632374524202768,0.9632374524202768,0.3960256685389255,0.9472150234977517,0.9472150234977517,0.4051493847947744
2020-07-14,2020-07-14,14.9,14.81,15.04,14.62,156866,-0.002693602693602637,-0.03999999999999915,0,-0.0,0,-0.0,0.9632374524202768,0.9632374524202768,0.3960256685389255,0.9472150234977517,0.9472150234977517,0.4051493847947744
2020-07-15,2020-07-15,14.85,14.48,15.09,14.39,171470,-0.022282241728561747,-0.33000000000000007,0,-0.0,0,-0.0,0.9632374524202768,0.9632374524202768,0.3960256685389255,0.9472150234977517,0.9472150234977517,0.4051493847947744
2020-07-16,2020-07-16,14.57,14.01,14.76,14.01,163402,-0.0324585635359117,-0.47000000000000064,0,-0.0,0,-0.0,0.9632374524202768,0.9632374524202768,0.3960256685389255,0.9472150234977517,0.9472150234977517,0.4051493847947744
2020-07-17,2020-07-17,14.1,13.96,14.2,13.78,105671,-0.0035688793718771095,-0.049999999999998934,0,-0.0,0,-0.0,0.9632374524202768,0.9632374524202768,0.3960256685389255,0.9472150234977517,0.9472150234977517,0.4051493847947744
2020-07-20,2020-07-20,14.01,14.39,14.39,14.01,121267,0.030802292263610198,0.4299999999999997,0,0.0,0,0.0,0.9632374524202768,0.9632374524202768,0.3960256685389255,0.9472150234977517,0.9472150234977517,0.4051493847947744
2020-07-21,2020-07-21,14.48,14.62,14.85,14.39,186983,0.015983321751215973,0.22999999999999865,0,0.0,0,0.0,0.9632374524202768,0.9632374524202768,0.3960256685389255,0.9472150234977517,0.9472150234977517,0.4051493847947744
2020-07-22,2020-07-22,14.62,14.48,14.85,14.39,134478,-0.009575923392612817,-0.1399999999999988,0,-0.0,0,-0.0,0.9632374524202768,0.9632374524202768,0.3960256685389255,0.9472150234977517,0.9472150234977517,0.4051493847947744
2020-07-23,2020-07-23,14.39,14.71,14.99,14.06,235398,0.015883977900552626,0.23000000000000043,0,0.0,0,0.0,0.9632374524202768,0.9632374524202768,0.3960256685389255,0.9472150234977517,0.9472150234977517,0.4051493847947744
2020-07-24,2020-07-24,14.62,14.24,15.7,14.24,316773,-0.03195105370496265,-0.47000000000000064,0,-0.0,0,-0.0,0.9632374524202768,0.9632374524202768,0.3960256685389255,0.9472150234977517,0.9472150234977517,0.4051493847947744
2020-07-27,2020-07-27,14.39,15.74,15.74,14.39,961878,0.1053370786516854,1.5,1,0.0,1,0.0,-0.873436795267727,-0.873436795267727,1.547667040115418,-0.8589081046158717,-0.8589081046158717,1.53939390926132
2020-07-28,2020-07-28,15.74,15.32,15.74,14.95,691094,-0.026683608640406642,-0.41999999999999993,0,-0.026683608640406642,1,-0.010879025239338556,0.8609537691087673,0.8609537691087673,0.46016013412913076,0.833058035526141,0.833058035526141,0.47683992267722103
2020-07-29,2020-07-29,15.09,16.03,16.45,15.04,800978,0.04634464751958234,0.7100000000000009,0,0.0,0,0.0,0.8609537691087673,0.8609537691087673,0.46016013412913076,0.833058035526141,0.833058035526141,0.47683992267722103
2020-07-30,2020-07-30,16.64,17.67,17.67,16.64,1254192,0.10230817217716792,1.6400000000000006,1,0.0,1,0.0,-0.6014561638704707,-0.6014561638704707,1.377128280845035,-0.5819684033065937,-0.5819684033065937,1.3654758995044083
2020-07-31,2020-07-31,16.68,17.71,18.51,16.31,1138468,0.002263723825693287,0.03999999999999915,0,0.002263723825693287,1,-0.009410878976096366,0.4165050805825551,0.4165050805825551,0.7388407427857877,0.40980416368495287,0.40980416368495287,0.7426431667210187
2020-08-03,2020-08-03,17.29,17.48,18.65,17.29,865143,-0.012987012987012991,-0.23000000000000043,0,-0.0,0,-0.0,0.4165050805825551,0.4165050805825551,0.7388407427857877,0.40980416368495287,0.40980416368495287,0.7426431667210187
2020-08-04,2020-08-04,17.2,16.26,17.67,16.07,772364,-0.06979405034324937,-1.2199999999999989,-1,-0.0,1,-0.0,-0.35228768175230774,-0.35228768175230774,1.2208933181882606,-0.3466199226071627,-0.3466199226071627,1.2176771578684191
2020-08-05,2020-08-05,16.12,15.89,16.12,15.51,481747,-0.022755227552275548,-0.370000000000001,0,0.022755227552275548,1,0.022755227552275548,0.30508981065079505,0.30508981065079505,0.8087009449638787,0.30018139161154406,0.30018139161154406,0.8114862190277415
2020-08-06,2020-08-06,15.89,15.6,15.93,15.37,338324,-0.018250471994965434,-0.2900000000000009,0,-0.0,0,-0.0,0.30508981065079505,0.30508981065079505,0.8087009449638787,0.30018139161154406,0.30018139161154406,0.8114862190277415
2020-08-07,2020-08-07,15.51,15.56,15.7,15.09,297507,-0.002564102564102555,-0.03999999999999915,0,-0.0,0,-0.0,0.30508981065079505,0.30508981065079505,0.8087009449638787,0.30018139161154406,0.30018139161154406,0.8114862190277415
2020-08-10,2020-08-10,15.56,16.12,16.45,15.37,402544,0.03598971722365052,0.5600000000000005,0,0.0,0,0.0,0.30508981065079505,0.30508981065079505,0.8087009449638787,0.30018139161154406,0.30018139161154406,0.8114862190277415
2020-08-11,2020-08-11,15.93,15.32,15.93,15.28,331335,-0.04962779156327546,-0.8000000000000007,0,-0.0,0,-0.0,0.30508981065079505,0.30508981065079505,0.8087009449638787,0.30018139161154406,0.30018139161154406,0.8114862190277415
2020-08-12,2020-08-12,15.28,15.28,15.46,14.95,207779,-0.0026109660574412663,-0.040000000000000924,0,-0.0,0,-0.0,0.30508981065079505,0.30508981065079505,0.8087009449638787,0.30018139161154406,0.30018139161154406,0.8114862190277415
2020-08-13,2020-08-13,15.28,15.37,15.51,15.23,154334,0.005890052356021025,0.08999999999999986,0,0.0,0,0.0,0.30508981065079505,0.30508981065079505,0.8087009449638787,0.30018139161154406,0.30018139161154406,0.8114862190277415
2020-08-14,2020-08-14,15.32,15.56,15.6,15.09,158687,0.0123617436564738,0.19000000000000128,0,0.0,0,0.0,0.30508981065079505,0.30508981065079505,0.8087009449638787,0.30018139161154406,0.30018139161154406,0.8114862190277415
2020-08-17,2020-08-17,15.42,15.6,15.7,15.23,231157,0.0025706940874035134,0.03999999999999915,0,0.0,0,0.0,0.30508981065079505,0.30508981065079505,0.8087009449638787,0.30018139161154406,0.30018139161154406,0.8114862190277415
2020-08-18,2020-08-18,15.51,15.93,16.12,15.46,258373,0.02115384615384608,0.33000000000000007,0,0.0,0,0.0,0.30508981065079505,0.30508981065079505,0.8087009449638787,0.30018139161154406,0.30018139161154406,0.8114862190277415
2020-08-19,2020-08-19,15.79,15.84,16.07,15.56,271319,-0.005649717514124242,-0.08999999999999986,0,-0.0,0,-0.0,0.30508981065079505,0.30508981065079505,0.8087009449638787,0.30018139161154406,0.30018139161154406,0.8114862190277415
2020-08-20,2020-08-20,15.74,15.37,15.74,15.37,164766,-0.029671717171717238,-0.47000000000000064,0,-0.0,0,-0.0,0.30508981065079505,0.30508981065079505,0.8087009449638787,0.30018139161154406,0.30018139161154406,0.8114862190277415
2020-08-21,2020-08-21,15.46,15.28,15.6,15.23,129316,-0.005855562784645385,-0.08999999999999986,0,-0.0,0,-0.0,0.30508981065079505,0.30508981065079505,0.8087009449638787,0.30018139161154406,0.30018139161154406,0.8114862190277415
2020-08-24,2020-08-24,15.32,15.37,15.42,15.09,122428,0.005890052356021025,0.08999999999999986,0,0.0,0,0.0,0.30508981065079505,0.30508981065079505,0.8087009449638787,0.30018139161154406,0.30018139161154406,0.8114862190277415
2020-08-25,2020-08-25,15.37,15.18,15.46,15.14,112331,-0.012361743656473578,-0.1899999999999995,0,-0.0,0,-0.0,0.30508981065079505,0.30508981065079505,0.8087009449638787,0.30018139161154406,0.30018139161154406,0.8114862190277415
2020-08-26,2020-08-26,15.23,14.76,15.23,14.67,122403,-0.02766798418972327,-0.41999999999999993,0,-0.0,0,-0.0,0.30508981065079505,0.30508981065079505,0.8087009449638787,0.30018139161154406,0.30018139161154406,0.8114862190277415
2020-08-27,2020-08-27,14.76,14.99,15.18,14.62,99465,0.015582655826558378,0.23000000000000043,0,0.0,0,0.0,0.30508981065079505,0.30508981065079505,0.8087009449638787,0.30018139161154406,0.30018139161154406,0.8114862190277415
2020-08-28,2020-08-28,14.95,15.04,15.14,14.76,105520,0.0033355570380253496,0.049999999999998934,0,0.0,0,0.0,0.30508981065079505,0.30508981065079505,0.8087009449638787,0.30018139161154406,0.30018139161154406,0.8114862190277415
2020-08-31,2020-08-31,15.14,15.04,15.28,14.99,134263,0.0,0.0,0,0.0,0,0.0,0.30508981065079505,0.30508981065079505,0.8087009449638787,0.30018139161154406,0.30018139161154406,0.8114862190277415
2020-09-01,2020-09-01,14.95,14.99,15.09,14.9,74174,-0.0033244680851063357,-0.049999999999998934,0,-0.0,0,-0.0,0.30508981065079505,0.30508981065079505,0.8087009449638787,0.30018139161154406,0.30018139161154406,0.8114862190277415
2020-09-02,2020-09-02,14.99,15.23,15.23,14.9,111801,0.016010673782521634,0.2400000000000002,0,0.0,0,0.0,0.30508981065079505,0.30508981065079505,0.8087009449638787,0.30018139161154406,0.30018139161154406,0.8114862190277415
2020-09-03,2020-09-03,15.23,15.04,15.32,14.9,97786,-0.012475377544320487,-0.19000000000000128,0,-0.0,0,-0.0,0.30508981065079505,0.30508981065079505,0.8087009449638787,0.30018139161154406,0.30018139161154406,0.8114862190277415
2020-09-04,2020-09-04,14.71,14.9,14.95,14.71,80417,-0.00930851063829774,-0.1399999999999988,0,-0.0,0,-0.0,0.30508981065079505,0.30508981065079505,0.8087009449638787,0.30018139161154406,0.30018139161154406,0.8114862190277415
2020-09-07,2020-09-07,14.85,14.81,15.09,14.71,75019,-0.006040268456375841,-0.08999999999999986,0,-0.0,0,-0.0,0.30508981065079505,0.30508981065079505,0.8087009449638787,0.30018139161154406,0.30018139161154406,0.8114862190277415
2020-09-08,2020-09-08,14.81,15.28,15.32,14.71,143411,0.031735313977042434,0.46999999999999886,0,0.0,0,0.0,0.30508981065079505,0.30508981065079505,0.8087009449638787,0.30018139161154406,0.30018139161154406,0.8114862190277415
2020-09-09,2020-09-09,15.14,15.18,15.46,15.09,134709,-0.00654450261780104,-0.09999999999999964,0,-0.0,0,-0.0,0.30508981065079505,0.30508981065079505,0.8087009449638787,0.30018139161154406,0.30018139161154406,0.8114862190277415
2020-09-10,2020-09-10,15.23,14.62,15.37,14.48,139061,-0.03689064558629784,-0.5600000000000005,0,-0.0,0,-0.0,0.30508981065079505,0.30508981065079505,0.8087009449638787,0.30018139161154406,0.30018139161154406,0.8114862190277415
2020-09-11,2020-09-11,14.48,14.57,14.62,14.39,74418,-0.0034199726402187602,-0.049999999999998934,0,-0.0,0,-0.0,0.30508981065079505,0.30508981065079505,0.8087009449638787,0.30018139161154406,0.30018139161154406,0.8114862190277415
2020-09-14,2020-09-14,14.57,14.53,14.71,14.39,70543,-0.0027453671928621137,-0.040000000000000924,0,-0.0,0,-0.0,0.30508981065079505,0.30508981065079505,0.8087009449638787,0.30018139161154406,0.30018139161154406,0.8114862190277415
2020-09-15,2020-09-15,14.43,14.48,14.62,14.39,59054,-0.0034411562284927255,-0.049999999999998934,0,-0.0,0,-0.0,0.30508981065079505,0.30508981065079505,0.8087009449638787,0.30018139161154406,0.30018139161154406,0.8114862190277415
2020-09-16,2020-09-16,14.48,14.39,14.62,14.29,71285,-0.006215469613259694,-0.08999999999999986,0,-0.0,0,-0.0,0.30508981065079505,0.30508981065079505,0.8087009449638787,0.30018139161154406,0.30018139161154406,0.8114862190277415
2020-09-17,2020-09-17,14.39,14.29,14.43,14.1,69689,-0.006949270326615853,-0.10000000000000142,0,-0.0,0,-0.0,0.30508981065079505,0.30508981065079505,0.8087009449638787,0.30018139161154406,0.30018139161154406,0.8114862190277415
2020-09-18,2020-09-18,14.24,14.48,14.53,14.2,63199,0.013296011196641144,0.19000000000000128,0,0.0,0,0.0,0.30508981065079505,0.30508981065079505,0.8087009449638787,0.30018139161154406,0.30018139161154406,0.8114862190277415
2020-09-21,2020-09-21,14.48,14.43,14.62,14.39,58202,-0.0034530386740332375,-0.05000000000000071,0,-0.0,0,-0.0,0.30508981065079505,0.30508981065079505,0.8087009449638787,0.30018139161154406,0.30018139161154406,0.8114862190277415
2020-09-22,2020-09-22,14.34,14.2,14.43,14.15,55778,-0.01593901593901592,-0.23000000000000043,0,-0.0,0,-0.0,0.30508981065079505,0.30508981065079505,0.8087009449638787,0.30018139161154406,0.30018139161154406,0.8114862190277415
2020-09-23,2020-09-23,14.2,14.29,14.34,14.15,38708,0.006338028169013965,0.08999999999999986,0,0.0,0,0.0,0.30508981065079505,0.30508981065079505,0.8087009449638787,0.30018139161154406,0.30018139161154406,0.8114862190277415
2020-09-24,2020-09-24,14.2,14.34,14.71,13.92,141618,0.0034989503149056578,0.05000000000000071,0,0.0,0,0.0,0.30508981065079505,0.30508981065079505,0.8087009449638787,0.30018139161154406,0.30018139161154406,0.8114862190277415
2020-09-25,2020-09-25,14.24,14.43,14.67,14.15,114877,0.006276150627614996,0.08999999999999986,0,0.0,0,0.0,0.30508981065079505,0.30508981065079505,0.8087009449638787,0.30018139161154406,0.30018139161154406,0.8114862190277415
2020-09-28,2020-09-28,14.39,13.87,14.39,13.87,95382,-0.03880803880803885,-0.5600000000000005,0,-0.0,0,-0.0,0.30508981065079505,0.30508981065079505,0.8087009449638787,0.30018139161154406,0.30018139161154406,0.8114862190277415
2020-09-29,2020-09-29,13.96,13.92,14.01,13.82,46308,0.0036049026676279183,0.05000000000000071,0,0.0,0,0.0,0.30508981065079505,0.30508981065079505,0.8087009449638787,0.30018139161154406,0.30018139161154406,0.8114862190277415
2020-09-30,2020-09-30,13.87,13.82,13.96,13.73,49377,-0.007183908045977017,-0.09999999999999964,0,-0.0,0,-0.0,0.30508981065079505,0.30508981065079505,0.8087009449638787,0.30018139161154406,0.30018139161154406,0.8114862190277415
2020-10-09,2020-10-09,13.96,14.06,14.15,13.92,61754,0.01736613603473236,0.2400000000000002,0,0.0,0,0.0,0.30508981065079505,0.30508981065079505,0.8087009449638787,0.30018139161154406,0.30018139161154406,0.8114862190277415
2020-10-12,2020-10-12,14.1,14.39,14.43,14.06,84445,0.023470839260312903,0.33000000000000007,0,0.0,0,0.0,0.30508981065079505,0.30508981065079505,0.8087009449638787,0.30018139161154406,0.30018139161154406,0.8114862190277415
2020-10-13,2020-10-13,14.39,14.34,14.43,14.24,64248,-0.0034746351633079264,-0.05000000000000071,0,-0.0,0,-0.0,0.30508981065079505,0.30508981065079505,0.8087009449638787,0.30018139161154406,0.30018139161154406,0.8114862190277415
2020-10-14,2020-10-14,14.29,14.24,14.43,14.2,55223,-0.006973500697350032,-0.09999999999999964,0,-0.0,0,-0.0,0.30508981065079505,0.30508981065079505,0.8087009449638787,0.30018139161154406,0.30018139161154406,0.8114862190277415
2020-10-15,2020-10-15,14.29,14.43,14.67,14.29,99603,0.01334269662921339,0.1899999999999995,0,0.0,0,0.0,0.30508981065079505,0.30508981065079505,0.8087009449638787,0.30018139161154406,0.30018139161154406,0.8114862190277415
2020-10-16,2020-10-16,14.29,14.76,14.85,14.29,106787,0.022869022869022926,0.33000000000000007,0,0.0,0,0.0,0.30508981065079505,0.30508981065079505,0.8087009449638787,0.30018139161154406,0.30018139161154406,0.8114862190277415
2020-10-19,2020-10-19,14.71,14.71,14.85,14.62,84207,-0.003387533875338633,-0.049999999999998934,0,-0.0,0,-0.0,0.30508981065079505,0.30508981065079505,0.8087009449638787,0.30018139161154406,0.30018139161154406,0.8114862190277415
2020-10-20,2020-10-20,14.67,14.85,15.04,14.57,109127,0.009517335146159045,0.1399999999999988,0,0.0,0,0.0,0.30508981065079505,0.30508981065079505,0.8087009449638787,0.30018139161154406,0.30018139161154406,0.8114862190277415
2020-10-21,2020-10-21,14.95,15.09,15.32,14.9,220600,0.016161616161616266,0.2400000000000002,0,0.0,0,0.0,0.30508981065079505,0.30508981065079505,0.8087009449638787,0.30018139161154406,0.30018139161154406,0.8114862190277415
2020-10-22,2020-10-22,14.95,14.67,14.95,14.48,113175,-0.027833001988071593,-0.41999999999999993,0,-0.0,0,-0.0,0.30508981065079505,0.30508981065079505,0.8087009449638787,0.30018139161154406,0.30018139161154406,0.8114862190277415
2020-10-23,2020-10-23,14.67,14.29,14.71,14.2,88052,-0.025903203817314258,-0.3800000000000008,0,-0.0,0,-0.0,0.30508981065079505,0.30508981065079505,0.8087009449638787,0.30018139161154406,0.30018139161154406,0.8114862190277415
2020-10-26,2020-10-26,14.34,14.01,14.34,13.92,82287,-0.019594121763470862,-0.27999999999999936,0,-0.0,0,-0.0,0.30508981065079505,0.30508981065079505,0.8087009449638787,0.30018139161154406,0.30018139161154406,0.8114862190277415
2020-10-27,2020-10-27,13.96,13.92,14.1,13.82,62814,-0.0064239828693789525,-0.08999999999999986,0,-0.0,0,-0.0,0.30508981065079505,0.30508981065079505,0.8087009449638787,0.30018139161154406,0.30018139161154406,0.8114862190277415
2020-10-28,2020-10-28,13.87,14.2,14.34,13.78,105585,0.02011494252873569,0.27999999999999936,0,0.0,0,0.0,0.30508981065079505,0.30508981065079505,0.8087009449638787,0.30018139161154406,0.30018139161154406,0.8114862190277415
2020-10-29,2020-10-29,14.06,14.24,14.39,14.01,73840,0.0028169014084507005,0.040000000000000924,0,0.0,0,0.0,0.30508981065079505,0.30508981065079505,0.8087009449638787,0.30018139161154406,0.30018139161154406,0.8114862190277415
2020-10-30,2020-10-30,14.29,13.96,14.39,13.87,75109,-0.0196629213483146,-0.27999999999999936,0,-0.0,0,-0.0,0.30508981065079505,0.30508981065079505,0.8087009449638787,0.30018139161154406,0.30018139161154406,0.8114862190277415
2020-11-02,2020-11-02,13.96,13.82,14.2,13.63,122108,-0.01002865329512903,-0.14000000000000057,0,-0.0,0,-0.0,0.30508981065079505,0.30508981065079505,0.8087009449638787,0.30018139161154406,0.30018139161154406,0.8114862190277415
2020-11-03,2020-11-03,13.92,14.34,14.39,13.82,136116,0.0376266280752533,0.5199999999999996,0,0.0,0,0.0,0.30508981065079505,0.30508981065079505,0.8087009449638787,0.30018139161154406,0.30018139161154406,0.8114862190277415
2020-11-04,2020-11-04,14.29,14.24,14.43,14.15,83590,-0.006973500697350032,-0.09999999999999964,0,-0.0,0,-0.0,0.30508981065079505,0.30508981065079505,0.8087009449638787,0.30018139161154406,0.30018139161154406,0.8114862190277415
2020-11-05,2020-11-05,14.29,14.39,14.62,14.24,74009,0.010533707865168607,0.15000000000000036,0,0.0,0,0.0,0.30508981065079505,0.30508981065079505,0.8087009449638787,0.30018139161154406,0.30018139161154406,0.8114862190277415
2020-11-06,2020-11-06,14.34,14.48,14.57,14.29,81304,0.006254343293954134,0.08999999999999986,0,0.0,0,0.0,0.30508981065079505,0.30508981065079505,0.8087009449638787,0.30018139161154406,0.30018139161154406,0.8114862190277415
2020-11-09,2020-11-09,14.48,14.67,14.95,14.48,118267,0.013121546961325947,0.1899999999999995,0,0.0,0,0.0,0.30508981065079505,0.30508981065079505,0.8087009449638787,0.30018139161154406,0.30018139161154406,0.8114862190277415
2020-11-10,2020-11-10,14.76,14.62,14.9,14.48,121853,-0.0034083162917519783,-0.05000000000000071,0,-0.0,0,-0.0,0.30508981065079505,0.30508981065079505,0.8087009449638787,0.30018139161154406,0.30018139161154406,0.8114862190277415
2020-11-11,2020-11-11,14.62,15.18,15.51,14.43,302555,0.03830369357045149,0.5600000000000005,0,0.0,0,0.0,0.30508981065079505,0.30508981065079505,0.8087009449638787,0.30018139161154406,0.30018139161154406,0.8114862190277415
2020-11-12,2020-11-12,15.09,14.99,15.46,14.9,316693,-0.012516469038208133,-0.1899999999999995,0,-0.0,0,-0.0,0.30508981065079505,0.30508981065079505,0.8087009449638787,0.30018139161154406,0.30018139161154406,0.8114862190277415
2020-11-13,2020-11-13,14.67,15.14,15.28,14.48,284634,0.010006671114076049,0.15000000000000036,0,0.0,0,0.0,0.30508981065079505,0.30508981065079505,0.8087009449638787,0.30018139161154406,0.30018139161154406,0.8114862190277415
2020-11-16,2020-11-16,15.7,15.89,16.68,15.65,539440,0.04953764861294574,0.75,0,0.0,0,0.0,0.30508981065079505,0.30508981065079505,0.8087009449638787,0.30018139161154406,0.30018139161154406,0.8114862190277415
2020-11-17,2020-11-17,15.89,15.7,16.54,15.56,579133,-0.01195720578980497,-0.19000000000000128,0,-0.0,0,-0.0,0.30508981065079505,0.30508981065079505,0.8087009449638787,0.30018139161154406,0.30018139161154406,0.8114862190277415
2020-11-18,2020-11-18,15.51,15.18,15.84,15.04,388751,-0.03312101910828025,-0.5199999999999996,0,-0.0,0,-0.0,0.30508981065079505,0.30508981065079505,0.8087009449638787,0.30018139161154406,0.30018139161154406,0.8114862190277415
2020-11-19,2020-11-19,15.7,15.98,16.64,15.56,547331,0.05270092226613965,0.8000000000000007,0,0.0,0,0.0,0.30508981065079505,0.30508981065079505,0.8087009449638787,0.30018139161154406,0.30018139161154406,0.8114862190277415
2020-11-20,2020-11-20,15.7,15.65,16.17,15.42,377281,-0.020650813516896127,-0.33000000000000007,0,-0.0,0,-0.0,0.30508981065079505,0.30508981065079505,0.8087009449638787,0.30018139161154406,0.30018139161154406,0.8114862190277415
2020-11-23,2020-11-23,15.42,15.51,15.79,15.32,246212,-0.008945686900958538,-0.14000000000000057,0,-0.0,0,-0.0,0.30508981065079505,0.30508981065079505,0.8087009449638787,0.30018139161154406,0.30018139161154406,0.8114862190277415
2020-11-24,2020-11-24,15.56,15.32,15.56,15.14,177913,-0.012250161186331376,-0.1899999999999995,0,-0.0,0,-0.0,0.30508981065079505,0.30508981065079505,0.8087009449638787,0.30018139161154406,0.30018139161154406,0.8114862190277415
2020-11-25,2020-11-25,15.32,15.18,15.6,15.14,176212,-0.009138381201044377,-0.14000000000000057,0,-0.0,0,-0.0,0.30508981065079505,0.30508981065079505,0.8087009449638787,0.30018139161154406,0.30018139161154406,0.8114862190277415
2020-11-26,2020-11-26,15.14,15.04,15.23,14.85,143854,-0.00922266139657446,-0.14000000000000057,0,-0.0,0,-0.0,0.30508981065079505,0.30508981065079505,0.8087009449638787,0.30018139161154406,0.30018139161154406,0.8114862190277415
2020-11-27,2020-11-27,15.09,15.04,15.18,14.71,123007,0.0,0.0,0,0.0,0,0.0,0.30508981065079505,0.30508981065079505,0.8087009449638787,0.30018139161154406,0.30018139161154406,0.8114862190277415
2020-11-30,2020-11-30,15.04,14.95,15.23,14.95,110898,-0.005984042553191515,-0.08999999999999986,0,-0.0,0,-0.0,0.30508981065079505,0.30508981065079505,0.8087009449638787,0.30018139161154406,0.30018139161154406,0.8114862190277415
2020-12-01,2020-12-01,14.9,15.09,15.18,14.9,93876,0.00936454849498336,0.14000000000000057,0,0.0,0,0.0,0.30508981065079505,0.30508981065079505,0.8087009449638787,0.30018139161154406,0.30018139161154406,0.8114862190277415
2020-12-02,2020-12-02,15.09,15.23,15.37,14.99,140424,0.009277667329357309,0.14000000000000057,0,0.0,0,0.0,0.30508981065079505,0.30508981065079505,0.8087009449638787,0.30018139161154406,0.30018139161154406,0.8114862190277415
2020-12-03,2020-12-03,15.18,15.56,15.74,15.18,269608,0.02166776099803025,0.33000000000000007,0,0.0,0,0.0,0.30508981065079505,0.30508981065079505,0.8087009449638787,0.30018139161154406,0.30018139161154406,0.8114862190277415
2020-12-04,2020-12-04,15.37,15.51,15.51,15.14,186172,-0.0032133676092545027,-0.05000000000000071,0,-0.0,0,-0.0,0.30508981065079505,0.30508981065079505,0.8087009449638787,0.30018139161154406,0.30018139161154406,0.8114862190277415
2020-12-07,2020-12-07,15.65,15.84,16.45,15.23,316770,0.02127659574468077,0.33000000000000007,0,0.0,0,0.0,0.30508981065079505,0.30508981065079505,0.8087009449638787,0.30018139161154406,0.30018139161154406,0.8114862190277415
2020-12-08,2020-12-08,15.7,15.42,15.98,15.23,183087,-0.02651515151515149,-0.41999999999999993,0,-0.0,0,-0.0,0.30508981065079505,0.30508981065079505,0.8087009449638787,0.30018139161154406,0.30018139161154406,0.8114862190277415
2020-12-09,2020-12-09,15.51,17.01,17.01,15.46,529541,0.10311284046692615,1.5900000000000016,1,0.0,1,0.0,-0.2332315286594452,-0.2332315286594452,1.1462420883280509,-0.2294791972610821,-0.2294791972610821,1.1441128342363966
2020-12-10,2020-12-10,17.06,18.74,18.74,16.87,1183272,0.10170487948265716,1.7299999999999969,1,0.10170487948265716,0,0.10170487948265716,-0.25695231317330997,-0.25695231317330997,1.1611156222967474,-0.25281835136229736,-0.25281835136229736,1.1587698126743136
2020-12-11,2020-12-11,20.67,20.67,20.67,18.93,2541803,0.10298826040554987,1.9300000000000033,1,0.10298826040554987,0,0.10298826040554987,-0.2834153849142112,-0.2834153849142112,1.177708639961247,-0.2788556735676994,-0.2788556735676994,1.175121239486556
2020-12-14,2020-12-14,20.39,19.03,20.39,18.56,2018509,-0.07934204160619263,-1.6400000000000006,-1,-0.07934204160619263,2,-0.008758101243650375,0.6331098635945991,0.6331098635945991,0.6030240459969987,0.6032413814614844,0.6032413814614844,0.6211646796367921
2020-12-15,2020-12-15,18.79,21.0,21.0,18.32,1808948,0.10352075669994742,1.9699999999999989,1,-0.10352075669994742,2,-0.007936507936507936,-1.242328448896663,-1.242328448896663,1.7789714701106243,-1.1260582389361227,-1.1260582389361227,1.7071640752852304
2020-12-16,2020-12-16,20.53,18.84,20.62,18.84,1732704,-0.10285714285714287,-2.16,-1,-0.10285714285714287,2,-0.008846426043878274,2.8439016596985502,2.8439016596985502,0.0,2.4718777806433825,2.4718777806433825,0.0
2020-12-17,2020-12-17,18.46,19.07,19.78,18.37,1358489,0.01220806794055207,0.23000000000000043,0,-0.01220806794055207,1,-0.008739730816290859,-1.6669803015853217,-1.6669803015853217,1.5861596148729062,-1.440341622441578,-1.440341622441578,1.5826912777486453
2020-12-18,2020-12-18,18.51,18.74,19.12,17.53,1065530,-0.017304667016255992,-0.33000000000000185,0,-0.0,0,-0.0,-1.6669803015853217,-1.6669803015853217,1.5861596148729062,-1.440341622441578,-1.440341622441578,1.5826912777486453
2020-12-21,2020-12-21,18.7,19.21,19.4,17.76,1216949,0.025080042689434423,0.4700000000000024,0,0.0,0,0.0,-1.6669803015853217,-1.6669803015853217,1.5861596148729062,-1.440341622441578,-1.440341622441578,1.5826912777486453
2020-12-22,2020-12-22,18.93,21.18,21.18,18.7,1330303,0.10255075481520026,1.9699999999999989,1,0.0,1,0.0,0.6955151829184416,0.6955151829184416,0.7554362751797243,0.6009545919917546,0.6009545919917546,0.7568833715413965
2020-12-23,2020-12-23,21.98,23.34,23.34,21.98,1740804,0.10198300283286121,2.16,1,0.10198300283286121,0,0.10198300283286121,0.7664459097883111,0.7664459097883111,0.7304949321385631,0.6622417458492706,0.6622417458492706,0.7320896077325871
2020-12-24,2020-12-24,22.92,25.73,25.73,22.35,1736404,0.10239931448157669,2.3900000000000006,1,0.10239931448157669,0,-0.0064775229952066336,0.8449294455378424,0.8449294455378424,0.7028977979402411,0.6579520597121462,0.6579520597121462,0.7338250034591541
2020-12-25,2020-12-25,26.01,24.84,28.36,24.6,2578734,-0.034589972794403456,-0.8900000000000006,0,-0.034589972794403456,1,-0.0067096081588835215,-0.20541877481602688,-0.20541877481602688,1.0722313214015287,-0.14161699388341242,-0.14161699388341242,1.0572912605114935
2020-12-28,2020-12-28,24.51,27.37,27.37,24.51,1192771,0.10185185185185186,2.530000000000001,1,0.0,1,0.0,0.019903150429650025,0.019903150429650025,0.9930014631969519,0.013721356945978992,0.013721356945978992,0.9944490148123717
2020-12-29,2020-12-29,28.45,25.78,30.18,25.03,2628324,-0.05809280233832659,-1.5899999999999999,-1,-0.05809280233832659,2,-0.006464959917248513,-0.027607229506532827,-0.027607229506532827,1.009707519038988,-0.0183241934075655,-0.0183241934075655,1.0074130661115437
2020-12-30,2020-12-30,23.15,25.31,26.71,23.15,1956700,-0.018231186966640944,-0.4700000000000024,0,0.018231186966640944,1,-0.0065850125115237725,0.004634455021932679,0.004634455021932679,0.9983703884393724,0.0035308387034449964,0.0035308387034449964,0.9985715965687729
2020-12-31,2020-12-31,26.01,27.89,27.89,24.46,1938517,0.10193599367838813,2.580000000000002,1,0.0,1,0.0,-0.0003543242759672755,-0.0003543242759672755,1.00012459090305,-0.00026994800062460404,-0.00026994800062460404,1.0001092076650142
2021-01-04,2021-01-04,28.5,27.93,30.32,27.56,2091212,0.0014342058085334841,0.03999999999999915,0,0.0014342058085334841,1,-0.005967299200381907,2.6035623876777446e-05,2.6035623876777446e-05,0.9999908451040183,2.1833706153108477e-05,2.1833706153108477e-05,0.9999911671578894
2021-01-05,2021-01-05,27.79,25.68,28.45,25.21,1565469,-0.08055853920515577,-2.25,-1,-0.0,1,-0.0,-4.400653076503234e-06,-4.400653076503234e-06,1.0000015473998765,-3.6904268785295186e-06,-3.6904268785295186e-06,1.0000014929649463
2021-01-06,2021-01-06,26.29,28.31,28.31,24.93,2009532,0.10241433021806845,2.629999999999999,1,-0.10241433021806845,2,-0.005887201224537855,5.383788770843534e-06,5.383788770843534e-06,0.9999981069005138,4.158666919919177e-06,4.158666919919177e-06,0.9999983176081956
2021-01-07,2021-01-07,27.14,25.59,27.75,25.45,1593068,-0.09607912398445773,-2.719999999999999,-1,-0.09607912398445773,2,-0.006512960791976032,-7.76528086365234e-06,-7.76528086365234e-06,1.0000027305025956,-5.625756636424693e-06,-5.625756636424693e-06,1.0000022759040437
2021-01-08,2021-01-08,24.75,23.9,25.31,23.67,1064964,-0.06604142243063704,-1.6900000000000013,-1,0.06604142243063704,0,0.06604142243063704,-8.278111057461346e-06,-8.278111057461346e-06,1.000002910828871,-5.9972896069427756e-06,-5.9972896069427756e-06,1.000002426207984
2021-01-11,2021-01-11,23.85,21.51,24.04,21.46,1141099,-0.09999999999999987,-2.389999999999997,-1,0.09999999999999987,0,0.09999999999999987,-9.10592216320748e-06,-9.10592216320748e-06,1.0000032019117582,-6.5970185676370524e-06,-6.5970185676370524e-06,1.0000026688287824
2021-01-12,2021-01-12,21.42,21.46,22.4,20.76,817706,-0.002324500232450011,-0.05000000000000071,0,0.002324500232450011,1,-0.007766387076731903,3.609816774149054e-06,3.609816774149054e-06,0.9999987306815755,2.6817940017239413e-06,2.6817940017239413e-06,0.9999989150782362
2021-01-13,2021-01-13,21.32,22.17,23.2,20.24,1287750,0.03308480894687804,0.7100000000000009,0,0.0,0,0.0,3.609816774149054e-06,3.609816774149054e-06,0.9999987306815755,2.6817940017239413e-06,2.6817940017239413e-06,0.9999989150782362
2021-01-14,2021-01-14,21.37,20.1,21.65,20.1,955333,-0.09336941813261168,-2.0700000000000003,-1,-0.0,1,-0.0,-1.7808573093434793e-06,-1.7808573093434793e-06,1.0000006262021415,-1.3230290479907826e-06,-1.3230290479907826e-06,1.0000005352323882
2021-01-15,2021-01-15,20.06,19.96,20.81,19.45,648899,-0.006965174129353269,-0.14000000000000057,0,0.006965174129353269,1,-0.0083500334001336,8.848026377451058e-07,8.848026377451058e-07,0.9999996888772034,6.775973252002789e-07,6.775973252002789e-07,0.9999997258774966
2021-01-18,2021-01-18,20.06,20.95,21.37,19.78,779857,0.04959919839679361,0.9899999999999984,0,0.0,0,0.0,8.848026377451058e-07,8.848026377451058e-07,0.9999996888772034,6.775973252002789e-07,6.775973252002789e-07,0.9999997258774966
2021-01-19,2021-01-19,20.62,20.24,21.42,20.15,728569,-0.03389021479713605,-0.7100000000000009,0,-0.0,0,-0.0,8.848026377451058e-07,8.848026377451058e-07,0.9999996888772034,6.775973252002789e-07,6.775973252002789e-07,0.9999997258774966
2021-01-20,2021-01-20,20.01,19.87,20.53,19.78,526870,-0.018280632411067033,-0.36999999999999744,0,-0.0,0,-0.0,8.848026377451058e-07,8.848026377451058e-07,0.9999996888772034,6.775973252002789e-07,6.775973252002789e-07,0.9999997258774966
2021-01-21,2021-01-21,19.96,20.85,21.6,19.64,920044,0.04932058379466531,0.9800000000000004,0,0.0,0,0.0,8.848026377451058e-07,8.848026377451058e-07,0.9999996888772034,6.775973252002789e-07,6.775973252002789e-07,0.9999997258774966
2021-01-22,2021-01-22,20.43,19.78,20.53,19.68,746818,-0.05131894484412469,-1.0700000000000003,-1,-0.0,1,-0.0,-4.57870782340478e-07,-4.57870782340478e-07,1.0000001610009195,-3.506454481102536e-07,-3.506454481102536e-07,1.0000001418538775
2021-01-25,2021-01-25,19.68,18.7,19.78,18.42,659630,-0.0546006066734076,-1.0800000000000018,-1,0.0546006066734076,0,0.0546006066734076,-4.828708048342959e-07,-4.828708048342959e-07,1.0000001697916674,-3.6979090230434235e-07,-3.6979090230434235e-07,1.0000001495991855
2021-01-26,2021-01-26,18.51,17.76,19.17,17.76,612740,-0.0502673796791443,-0.9399999999999977,0,0.0502673796791443,1,-0.009384384384384383,3.0890298502816733e-07,3.0890298502816733e-07,0.9999998913805673,2.58621984819584e-07,2.58621984819584e-07,0.9999998953742831
2021-01-27,2021-01-27,17.9,17.85,18.23,17.62,469973,0.0050675675675675436,0.08999999999999986,0,0.0,0,0.0,3.0890298502816733e-07,3.0890298502816733e-07,0.9999998913805673,2.58621984819584e-07,2.58621984819584e-07,0.9999998953742831
2021-01-28,2021-01-28,17.53,17.67,18.46,17.39,517818,-0.010084033613445342,-0.17999999999999972,0,-0.0,0,-0.0,3.0890298502816733e-07,3.0890298502816733e-07,0.9999998913805673,2.58621984819584e-07,2.58621984819584e-07,0.9999998953742831
2021-01-29,2021-01-29,17.81,16.87,17.85,16.49,561034,-0.04527447651386529,-0.8000000000000007,0,-0.0,0,-0.0,3.0890298502816733e-07,3.0890298502816733e-07,0.9999998913805673,2.58621984819584e-07,2.58621984819584e-07,0.9999998953742831
2021-02-01,2021-02-01,16.45,16.68,17.1,16.31,506131,-0.01126259632483706,-0.19000000000000128,0,-0.0,0,-0.0,3.0890298502816733e-07,3.0890298502816733e-07,0.9999998913805673,2.58621984819584e-07,2.58621984819584e-07,0.9999998953742831
2021-02-02,2021-02-02,16.78,16.59,16.87,16.17,506869,-0.0053956834532373765,-0.08999999999999986,0,-0.0,0,-0.0,3.0890298502816733e-07,3.0890298502816733e-07,0.9999998913805673,2.58621984819584e-07,2.58621984819584e-07,0.9999998953742831
2021-02-03,2021-02-03,16.54,15.84,16.64,15.79,467923,-0.0452079566003617,-0.75,0,-0.0,0,-0.0,3.0890298502816733e-07,3.0890298502816733e-07,0.9999998913805673,2.58621984819584e-07,2.58621984819584e-07,0.9999998953742831
2021-02-04,2021-02-04,15.93,15.32,16.03,15.18,465337,-0.03282828282828276,-0.5199999999999996,0,-0.0,0,-0.0,3.0890298502816733e-07,3.0890298502816733e-07,0.9999998913805673,2.58621984819584e-07,2.58621984819584e-07,0.9999998953742831
2021-02-05,2021-02-05,15.37,15.56,16.64,15.23,681402,0.015665796344647598,0.2400000000000002,0,0.0,0,0.0,3.0890298502816733e-07,3.0890298502816733e-07,0.9999998913805673,2.58621984819584e-07,2.58621984819584e-07,0.9999998953742831
2021-02-08,2021-02-08,15.37,14.85,15.42,14.48,540796,-0.045629820051413916,-0.7100000000000009,0,-0.0,0,-0.0,3.0890298502816733e-07,3.0890298502816733e-07,0.9999998913805673,2.58621984819584e-07,2.58621984819584e-07,0.9999998953742831
2021-02-09,2021-02-09,14.85,15.09,15.37,14.67,396454,0.016161616161616266,0.2400000000000002,0,0.0,0,0.0,3.0890298502816733e-07,3.0890298502816733e-07,0.9999998913805673,2.58621984819584e-07,2.58621984819584e-07,0.9999998953742831
2021-02-10,2021-02-10,15.14,15.14,15.56,14.99,398003,0.0033134526176277213,0.05000000000000071,0,0.0,0,0.0,3.0890298502816733e-07,3.0890298502816733e-07,0.9999998913805673,2.58621984819584e-07,2.58621984819584e-07,0.9999998953742831
2021-02-18,2021-02-18,15.23,15.74,15.98,15.14,506330,0.039630118890356725,0.5999999999999996,0,0.0,0,0.0,3.0890298502816733e-07,3.0890298502816733e-07,0.9999998913805673,2.58621984819584e-07,2.58621984819584e-07,0.9999998953742831
2021-02-19,2021-02-19,15.74,16.96,17.34,15.6,620097,0.07750952986022885,1.2200000000000006,1,0.0,1,0.0,-2.3775271936722665e-07,-2.3775271936722665e-07,1.0000000836008933,-1.990530462934792e-07,-1.990530462934792e-07,1.0000000805270584
2021-02-22,2021-02-22,16.92,16.87,17.48,16.73,530449,-0.005306603773584939,-0.08999999999999986,0,-0.005306603773584939,1,-0.009879470460383323,1.864959165016192e-07,1.864959165016192e-07,0.9999999344225157,1.5704969919749482e-07,1.5704969919749482e-07,0.9999999364654271
2021-02-23,2021-02-23,16.78,16.26,16.87,16.17,345616,-0.036158861885002946,-0.6099999999999994,0,-0.0,0,-0.0,1.864959165016192e-07,1.864959165016192e-07,0.9999999344225157,1.5704969919749482e-07,1.5704969919749482e-07,0.9999999364654271
2021-02-24,2021-02-24,16.21,16.17,16.49,15.98,319207,-0.005535055350553542,-0.08999999999999986,0,-0.0,0,-0.0,1.864959165016192e-07,1.864959165016192e-07,0.9999999344225157,1.5704969919749482e-07,1.5704969919749482e-07,0.9999999364654271
2021-02-25,2021-02-25,16.21,15.84,16.4,15.79,306944,-0.020408163265306256,-0.33000000000000185,0,-0.0,0,-0.0,1.864959165016192e-07,1.864959165016192e-07,0.9999999344225157,1.5704969919749482e-07,1.5704969919749482e-07,0.9999999364654271
2021-02-26,2021-02-26,15.6,15.56,16.03,15.46,314869,-0.017676767676767624,-0.27999999999999936,0,-0.0,0,-0.0,1.864959165016192e-07,1.864959165016192e-07,0.9999999344225157,1.5704969919749482e-07,1.5704969919749482e-07,0.9999999364654271
2021-03-01,2021-03-01,15.65,16.07,16.12,15.56,321118,0.032776349614395794,0.5099999999999998,0,0.0,0,0.0,1.864959165016192e-07,1.864959165016192e-07,0.9999999344225157,1.5704969919749482e-07,1.5704969919749482e-07,0.9999999364654271
2021-03-02,2021-03-02,16.21,16.17,16.21,15.79,357082,0.0062227753578096845,0.10000000000000142,0,0.0,0,0.0,1.864959165016192e-07,1.864959165016192e-07,0.9999999344225157,1.5704969919749482e-07,1.5704969919749482e-07,0.9999999364654271
2021-03-03,2021-03-03,16.26,16.78,16.82,15.89,626420,0.03772418058132332,0.6099999999999994,0,0.0,0,0.0,1.864959165016192e-07,1.864959165016192e-07,0.9999999344225157,1.5704969919749482e-07,1.5704969919749482e-07,0.9999999364654271
2021-03-04,2021-03-04,16.54,16.21,16.68,16.07,491907,-0.03396901072705605,-0.5700000000000003,0,-0.0,0,-0.0,1.864959165016192e-07,1.864959165016192e-07,0.9999999344225157,1.5704969919749482e-07,1.5704969919749482e-07,0.9999999364654271
2021-03-05,2021-03-05,16.03,16.68,16.92,15.93,565255,0.028994447871684148,0.46999999999999886,0,0.0,0,0.0,1.864959165016192e-07,1.864959165016192e-07,0.9999999344225157,1.5704969919749482e-07,1.5704969919749482e-07,0.9999999364654271
2021-03-08,2021-03-08,16.92,16.73,17.39,16.64,496680,0.002997601918465209,0.05000000000000071,0,0.0,0,0.0,1.864959165016192e-07,1.864959165016192e-07,0.9999999344225157,1.5704969919749482e-07,1.5704969919749482e-07,0.9999999364654271
2021-03-09,2021-03-09,16.59,16.26,16.82,15.7,444073,-0.028093245666467315,-0.46999999999999886,0,-0.0,0,-0.0,1.864959165016192e-07,1.864959165016192e-07,0.9999999344225157,1.5704969919749482e-07,1.5704969919749482e-07,0.9999999364654271
2021-03-10,2021-03-10,16.54,15.65,16.59,15.51,397304,-0.037515375153751584,-0.6100000000000012,0,-0.0,0,-0.0,1.864959165016192e-07,1.864959165016192e-07,0.9999999344225157,1.5704969919749482e-07,1.5704969919749482e-07,0.9999999364654271
2021-03-11,2021-03-11,15.6,15.89,15.93,15.32,313067,0.015335463258785875,0.2400000000000002,0,0.0,0,0.0,1.864959165016192e-07,1.864959165016192e-07,0.9999999344225157,1.5704969919749482e-07,1.5704969919749482e-07,0.9999999364654271
2021-03-12,2021-03-12,15.79,16.07,16.26,15.56,408098,0.01132787916928879,0.17999999999999972,0,0.0,0,0.0,1.864959165016192e-07,1.864959165016192e-07,0.9999999344225157,1.5704969919749482e-07,1.5704969919749482e-07,0.9999999364654271
2021-03-15,2021-03-15,15.98,17.71,17.71,15.93,531649,0.1020535158680771,1.6400000000000006,1,0.0,1,0.0,-1.2956957018350618e-07,-1.2956957018350618e-07,1.000000045560496,-1.0911156879025641e-07,-1.0911156879025641e-07,1.0000000441411665
2021-03-16,2021-03-16,18.14,17.53,18.51,17.15,951467,-0.010163749294184066,-0.17999999999999972,0,-0.010163749294184066,1,-0.009507510933637574,9.359013703369402e-08,9.359013703369402e-08,0.9999999670909376,7.874139788478346e-08,7.874139788478346e-08,0.9999999681451087
2021-03-17,2021-03-17,17.39,17.62,17.71,17.01,603483,0.005134055904164381,0.08999999999999986,0,0.0,0,0.0,9.359013703369402e-08,9.359013703369402e-08,0.9999999670909376,7.874139788478346e-08,7.874139788478346e-08,0.9999999681451087
2021-03-18,2021-03-18,17.53,17.15,17.67,17.01,462154,-0.026674233825198734,-0.4700000000000024,0,-0.0,0,-0.0,9.359013703369402e-08,9.359013703369402e-08,0.9999999670909376,7.874139788478346e-08,7.874139788478346e-08,0.9999999681451087
2021-03-19,2021-03-19,16.82,16.87,17.2,16.68,343443,-0.01632653061224476,-0.2799999999999976,0,-0.0,0,-0.0,9.359013703369402e-08,9.359013703369402e-08,0.9999999670909376,7.874139788478346e-08,7.874139788478346e-08,0.9999999681451087
2021-03-22,2021-03-22,16.82,16.96,17.24,16.78,324435,0.005334914048606976,0.08999999999999986,0,0.0,0,0.0,9.359013703369402e-08,9.359013703369402e-08,0.9999999670909376,7.874139788478346e-08,7.874139788478346e-08,0.9999999681451087
2021-03-23,2021-03-23,16.92,16.73,17.2,16.54,309388,-0.013561320754717054,-0.23000000000000043,0,-0.0,0,-0.0,9.359013703369402e-08,9.359013703369402e-08,0.9999999670909376,7.874139788478346e-08,7.874139788478346e-08,0.9999999681451087
2021-03-24,2021-03-24,16.64,17.1,17.43,16.35,472646,0.022115959354453096,0.370000000000001,0,0.0,0,0.0,9.359013703369402e-08,9.359013703369402e-08,0.9999999670909376,7.874139788478346e-08,7.874139788478346e-08,0.9999999681451087
2021-03-25,2021-03-25,16.92,16.78,17.15,16.4,329123,-0.018713450292397682,-0.3200000000000003,0,-0.0,0,-0.0,9.359013703369402e-08,9.359013703369402e-08,0.9999999670909376,7.874139788478346e-08,7.874139788478346e-08,0.9999999681451087
2021-03-26,2021-03-26,16.68,17.29,17.99,16.54,544498,0.030393325387365833,0.509999999999998,0,0.0,0,0.0,9.359013703369402e-08,9.359013703369402e-08,0.9999999670909376,7.874139788478346e-08,7.874139788478346e-08,0.9999999681451087
2021-03-29,2021-03-29,17.34,17.48,17.99,17.29,534387,0.010989010989011172,0.19000000000000128,0,0.0,0,0.0,9.359013703369402e-08,9.359013703369402e-08,0.9999999670909376,7.874139788478346e-08,7.874139788478346e-08,0.9999999681451087
2021-03-30,2021-03-30,17.24,16.78,17.34,16.64,407791,-0.04004576659038894,-0.6999999999999993,0,-0.0,0,-0.0,9.359013703369402e-08,9.359013703369402e-08,0.9999999670909376,7.874139788478346e-08,7.874139788478346e-08,0.9999999681451087
2021-03-31,2021-03-31,16.73,16.87,17.1,16.49,252103,0.005363528009535212,0.08999999999999986,0,0.0,0,0.0,9.359013703369402e-08,9.359013703369402e-08,0.9999999670909376,7.874139788478346e-08,7.874139788478346e-08,0.9999999681451087
2021-04-01,2021-04-01,16.73,16.87,17.01,16.59,286831,0.0,0.0,0,0.0,0,0.0,9.359013703369402e-08,9.359013703369402e-08,0.9999999670909376,7.874139788478346e-08,7.874139788478346e-08,0.9999999681451087
2021-04-02,2021-04-02,16.82,16.21,16.87,16.21,382097,-0.03912270302311793,-0.6600000000000001,0,-0.0,0,-0.0,9.359013703369402e-08,9.359013703369402e-08,0.9999999670909376,7.874139788478346e-08,7.874139788478346e-08,0.9999999681451087
2021-04-06,2021-04-06,16.21,16.49,16.59,16.07,233584,0.017273288093769157,0.2799999999999976,0,0.0,0,0.0,9.359013703369402e-08,9.359013703369402e-08,0.9999999670909376,7.874139788478346e-08,7.874139788478346e-08,0.9999999681451087
2021-04-07,2021-04-07,16.59,16.68,16.73,16.4,228919,0.011522134627046876,0.19000000000000128,0,0.0,0,0.0,9.359013703369402e-08,9.359013703369402e-08,0.9999999670909376,7.874139788478346e-08,7.874139788478346e-08,0.9999999681451087
2021-04-08,2021-04-08,16.64,16.4,16.87,16.4,241601,-0.016786570743405393,-0.28000000000000114,0,-0.0,0,-0.0,9.359013703369402e-08,9.359013703369402e-08,0.9999999670909376,7.874139788478346e-08,7.874139788478346e-08,0.9999999681451087
2021-04-09,2021-04-09,16.31,16.45,16.64,16.21,167764,0.0030487804878049918,0.05000000000000071,0,0.0,0,0.0,9.359013703369402e-08,9.359013703369402e-08,0.9999999670909376,7.874139788478346e-08,7.874139788478346e-08,0.9999999681451087
2021-04-12,2021-04-12,16.4,16.26,16.54,16.17,197508,-0.011550151975683765,-0.18999999999999773,0,-0.0,0,-0.0,9.359013703369402e-08,9.359013703369402e-08,0.9999999670909376,7.874139788478346e-08,7.874139788478346e-08,0.9999999681451087
2021-04-13,2021-04-13,16.35,16.31,16.49,16.12,177499,0.0030750307503073504,0.04999999999999716,0,0.0,0,0.0,9.359013703369402e-08,9.359013703369402e-08,0.9999999670909376,7.874139788478346e-08,7.874139788478346e-08,0.9999999681451087
2021-04-14,2021-04-14,16.26,16.45,16.59,16.17,172297,0.008583690987124415,0.14000000000000057,0,0.0,0,0.0,9.359013703369402e-08,9.359013703369402e-08,0.9999999670909376,7.874139788478346e-08,7.874139788478346e-08,0.9999999681451087
2021-04-15,2021-04-15,16.35,16.21,16.35,16.03,228105,-0.014589665653495398,-0.23999999999999844,0,-0.0,0,-0.0,9.359013703369402e-08,9.359013703369402e-08,0.9999999670909376,7.874139788478346e-08,7.874139788478346e-08,0.9999999681451087
2021-04-16,2021-04-16,16.17,16.64,16.78,16.12,328827,0.02652683528685995,0.4299999999999997,0,0.0,0,0.0,9.359013703369402e-08,9.359013703369402e-08,0.9999999670909376,7.874139788478346e-08,7.874139788478346e-08,0.9999999681451087
2021-04-19,2021-04-19,16.64,16.96,17.1,16.64,340125,0.019230769230769162,0.3200000000000003,0,0.0,0,0.0,9.359013703369402e-08,9.359013703369402e-08,0.9999999670909376,7.874139788478346e-08,7.874139788478346e-08,0.9999999681451087
2021-04-20,2021-04-20,17.06,17.1,17.53,16.96,482471,0.008254716981132004,0.14000000000000057,0,0.0,0,0.0,9.359013703369402e-08,9.359013703369402e-08,0.9999999670909376,7.874139788478346e-08,7.874139788478346e-08,0.9999999681451087
2021-04-21,2021-04-21,17.06,17.57,18.84,16.82,806486,0.027485380116959002,0.46999999999999886,0,0.0,0,0.0,9.359013703369402e-08,9.359013703369402e-08,0.9999999670909376,7.874139788478346e-08,7.874139788478346e-08,0.9999999681451087
2021-04-22,2021-04-22,17.39,17.29,17.67,17.2,462299,-0.015936254980079778,-0.28000000000000114,0,-0.0,0,-0.0,9.359013703369402e-08,9.359013703369402e-08,0.9999999670909376,7.874139788478346e-08,7.874139788478346e-08,0.9999999681451087
2021-04-23,2021-04-23,17.29,16.87,17.53,16.87,317506,-0.024291497975708398,-0.41999999999999815,0,-0.0,0,-0.0,9.359013703369402e-08,9.359013703369402e-08,0.9999999670909376,7.874139788478346e-08,7.874139788478346e-08,0.9999999681451087
2021-04-26,2021-04-26,17.06,17.29,17.67,16.92,501356,0.024896265560165887,0.41999999999999815,0,0.0,0,0.0,9.359013703369402e-08,9.359013703369402e-08,0.9999999670909376,7.874139788478346e-08,7.874139788478346e-08,0.9999999681451087
2021-04-27,2021-04-27,17.1,16.73,17.15,16.45,397497,-0.03238866396761131,-0.5599999999999987,0,-0.0,0,-0.0,9.359013703369402e-08,9.359013703369402e-08,0.9999999670909376,7.874139788478346e-08,7.874139788478346e-08,0.9999999681451087
2021-04-28,2021-04-28,16.64,16.96,17.43,16.45,347434,0.013747758517633102,0.23000000000000043,0,0.0,0,0.0,9.359013703369402e-08,9.359013703369402e-08,0.9999999670909376,7.874139788478346e-08,7.874139788478346e-08,0.9999999681451087
2021-04-29,2021-04-29,16.82,17.1,17.2,16.64,319995,0.008254716981132004,0.14000000000000057,0,0.0,0,0.0,9.359013703369402e-08,9.359013703369402e-08,0.9999999670909376,7.874139788478346e-08,7.874139788478346e-08,0.9999999681451087
2021-04-30,2021-04-30,17.01,17.34,17.53,16.96,373096,0.014035087719298067,0.23999999999999844,0,0.0,0,0.0,9.359013703369402e-08,9.359013703369402e-08,0.9999999670909376,7.874139788478346e-08,7.874139788478346e-08,0.9999999681451087
2021-05-06,2021-05-06,18.46,17.95,19.12,17.71,992937,0.03517877739331032,0.6099999999999994,0,0.0,0,0.0,9.359013703369402e-08,9.359013703369402e-08,0.9999999670909376,7.874139788478346e-08,7.874139788478346e-08,0.9999999681451087
2021-05-07,2021-05-07,17.9,17.43,18.46,17.39,633119,-0.028969359331476263,-0.5199999999999996,0,-0.0,0,-0.0,9.359013703369402e-08,9.359013703369402e-08,0.9999999670909376,7.874139788478346e-08,7.874139788478346e-08,0.9999999681451087
2021-05-10,2021-05-10,17.29,17.48,17.62,17.1,416756,0.002868617326448719,0.05000000000000071,0,0.0,0,0.0,9.359013703369402e-08,9.359013703369402e-08,0.9999999670909376,7.874139788478346e-08,7.874139788478346e-08,0.9999999681451087
2021-05-11,2021-05-11,17.67,17.85,17.9,17.24,471729,0.02116704805491998,0.370000000000001,0,0.0,0,0.0,9.359013703369402e-08,9.359013703369402e-08,0.9999999670909376,7.874139788478346e-08,7.874139788478346e-08,0.9999999681451087
2021-05-12,2021-05-12,17.71,17.67,17.95,17.53,352214,-0.010084033613445342,-0.17999999999999972,0,-0.0,0,-0.0,9.359013703369402e-08,9.359013703369402e-08,0.9999999670909376,7.874139788478346e-08,7.874139788478346e-08,0.9999999681451087
2021-05-13,2021-05-13,17.43,17.29,17.62,17.24,300098,-0.021505376344086113,-0.38000000000000256,0,-0.0,0,-0.0,9.359013703369402e-08,9.359013703369402e-08,0.9999999670909376,7.874139788478346e-08,7.874139788478346e-08,0.9999999681451087
2021-05-14,2021-05-14,17.29,18.04,18.65,17.15,678680,0.04337767495662237,0.75,0,0.0,0,0.0,9.359013703369402e-08,9.359013703369402e-08,0.9999999670909376,7.874139788478346e-08,7.874139788478346e-08,0.9999999681451087
2021-05-17,2021-05-17,17.99,17.57,17.99,17.43,487477,-0.026053215077605274,-0.46999999999999886,0,-0.0,0,-0.0,9.359013703369402e-08,9.359013703369402e-08,0.9999999670909376,7.874139788478346e-08,7.874139788478346e-08,0.9999999681451087
2021-05-18,2021-05-18,17.39,17.48,17.62,17.34,237796,-0.005122367672168449,-0.08999999999999986,0,-0.0,0,-0.0,9.359013703369402e-08,9.359013703369402e-08,0.9999999670909376,7.874139788478346e-08,7.874139788478346e-08,0.9999999681451087
2021-05-19,2021-05-19,17.43,17.2,17.43,17.15,287892,-0.016018306636155666,-0.28000000000000114,0,-0.0,0,-0.0,9.359013703369402e-08,9.359013703369402e-08,0.9999999670909376,7.874139788478346e-08,7.874139788478346e-08,0.9999999681451087
2021-05-20,2021-05-20,17.1,17.1,17.39,17.06,204482,-0.005813953488371992,-0.09999999999999787,0,-0.0,0,-0.0,9.359013703369402e-08,9.359013703369402e-08,0.9999999670909376,7.874139788478346e-08,7.874139788478346e-08,0.9999999681451087
2021-05-21,2021-05-21,17.15,17.1,17.29,17.06,181641,0.0,0.0,0,0.0,0,0.0,9.359013703369402e-08,9.359013703369402e-08,0.9999999670909376,7.874139788478346e-08,7.874139788478346e-08,0.9999999681451087
2021-05-24,2021-05-24,17.06,17.15,17.24,16.96,165970,0.0029239766081869956,0.04999999999999716,0,0.0,0,0.0,9.359013703369402e-08,9.359013703369402e-08,0.9999999670909376,7.874139788478346e-08,7.874139788478346e-08,0.9999999681451087
2021-05-25,2021-05-25,17.1,17.2,17.29,16.96,207855,0.00291545189504383,0.05000000000000071,0,0.0,0,0.0,9.359013703369402e-08,9.359013703369402e-08,0.9999999670909376,7.874139788478346e-08,7.874139788478346e-08,0.9999999681451087
2021-05-26,2021-05-26,17.15,17.24,17.39,17.06,216361,0.0023255813953488857,0.03999999999999915,0,0.0,0,0.0,9.359013703369402e-08,9.359013703369402e-08,0.9999999670909376,7.874139788478346e-08,7.874139788478346e-08,0.9999999681451087
2021-05-27,2021-05-27,17.24,17.62,17.67,17.2,346740,0.022041763341067444,0.38000000000000256,0,0.0,0,0.0,9.359013703369402e-08,9.359013703369402e-08,0.9999999670909376,7.874139788478346e-08,7.874139788478346e-08,0.9999999681451087
2021-05-28,2021-05-28,17.57,17.15,17.57,17.1,292100,-0.026674233825198734,-0.4700000000000024,0,-0.0,0,-0.0,9.359013703369402e-08,9.359013703369402e-08,0.9999999670909376,7.874139788478346e-08,7.874139788478346e-08,0.9999999681451087
2021-05-31,2021-05-31,17.15,16.92,17.15,16.87,263981,-0.01341107871720093,-0.22999999999999687,0,-0.0,0,-0.0,9.359013703369402e-08,9.359013703369402e-08,0.9999999670909376,7.874139788478346e-08,7.874139788478346e-08,0.9999999681451087
2021-06-01,2021-06-01,16.92,16.96,17.06,16.73,213741,0.0023640661938533203,0.03999999999999915,0,0.0,0,0.0,9.359013703369402e-08,9.359013703369402e-08,0.9999999670909376,7.874139788478346e-08,7.874139788478346e-08,0.9999999681451087
2021-06-02,2021-06-02,16.96,16.54,16.96,16.54,277422,-0.024764150943396346,-0.4200000000000017,0,-0.0,0,-0.0,9.359013703369402e-08,9.359013703369402e-08,0.9999999670909376,7.874139788478346e-08,7.874139788478346e-08,0.9999999681451087
2021-06-03,2021-06-03,16.54,16.64,16.78,16.45,169315,0.006045949214026791,0.10000000000000142,0,0.0,0,0.0,9.359013703369402e-08,9.359013703369402e-08,0.9999999670909376,7.874139788478346e-08,7.874139788478346e-08,0.9999999681451087
2021-06-04,2021-06-04,16.64,16.96,17.48,16.54,263566,0.019230769230769162,0.3200000000000003,0,0.0,0,0.0,9.359013703369402e-08,9.359013703369402e-08,0.9999999670909376,7.874139788478346e-08,7.874139788478346e-08,0.9999999681451087
2021-06-07,2021-06-07,16.87,16.73,17.06,16.64,231270,-0.013561320754717054,-0.23000000000000043,0,-0.0,0,-0.0,9.359013703369402e-08,9.359013703369402e-08,0.9999999670909376,7.874139788478346e-08,7.874139788478346e-08,0.9999999681451087
2021-06-08,2021-06-08,16.68,16.73,16.78,16.54,146308,0.0,0.0,0,0.0,0,0.0,9.359013703369402e-08,9.359013703369402e-08,0.9999999670909376,7.874139788478346e-08,7.874139788478346e-08,0.9999999681451087
2021-06-09,2021-06-09,16.68,16.73,16.92,16.54,200044,0.0,0.0,0,0.0,0,0.0,9.359013703369402e-08,9.359013703369402e-08,0.9999999670909376,7.874139788478346e-08,7.874139788478346e-08,0.9999999681451087
2021-06-10,2021-06-10,16.68,17.2,17.2,16.59,397796,0.028093245666467315,0.46999999999999886,0,0.0,0,0.0,9.359013703369402e-08,9.359013703369402e-08,0.9999999670909376,7.874139788478346e-08,7.874139788478346e-08,0.9999999681451087
2021-06-11,2021-06-11,17.15,16.87,17.15,16.78,316466,-0.019186046511627808,-0.3299999999999983,0,-0.0,0,-0.0,9.359013703369402e-08,9.359013703369402e-08,0.9999999670909376,7.874139788478346e-08,7.874139788478346e-08,0.9999999681451087
2021-06-15,2021-06-15,16.82,16.49,16.87,16.45,194072,-0.02252519264967412,-0.38000000000000256,0,-0.0,0,-0.0,9.359013703369402e-08,9.359013703369402e-08,0.9999999670909376,7.874139788478346e-08,7.874139788478346e-08,0.9999999681451087
2021-06-16,2021-06-16,16.45,16.21,16.49,16.17,153370,-0.016979987871437063,-0.2799999999999976,0,-0.0,0,-0.0,9.359013703369402e-08,9.359013703369402e-08,0.9999999670909376,7.874139788478346e-08,7.874139788478346e-08,0.9999999681451087
2021-06-17,2021-06-17,16.17,16.07,16.35,16.03,123905,-0.00863664404688469,-0.14000000000000057,0,-0.0,0,-0.0,9.359013703369402e-08,9.359013703369402e-08,0.9999999670909376,7.874139788478346e-08,7.874139788478346e-08,0.9999999681451087
